,word_1,word_2,word_3,word_4,word_5,combined_words,Technical,Soft
174216,business,cases,experience,,,business cases experience,0,1
3219,programming,skills,familiarity,,,programming skills familiarity,1,0
130563,bolder,,,,,bolder,0,0
85836,improvement,projects,,,,improvement projects,0,0
960,value,,,,,value,0,0
363,doorsteps,,,,,doorsteps,0,0
2438,laboratories,,,,,laboratories,0,0
194506,paycheck,,,,,paycheck,0,0
110622,manufacturing,yields,,,,manufacturing yields,0,0
104302,applications,tools,,,,applications tools,1,0
211590,database,designs,,,,database designs,1,0
5066,medical/dental/vision,,,,,medical/dental/vision,0,0
188051,engineers,designers,,,,engineers designers,0,0
5494,marketing,works,,,,marketing works,0,0
177903,team,environment,ppd,,,team environment ppd,0,0
52979,mining,techniques,,,,mining techniques,1,0
89439,python,and/or,pyspark,,,python and/or pyspark,1,0
175189,race,color,religion,ancestry,,race color religion ancestry,0,0
60,applicants,,,,,applicants,0,0
91729,data,owners,,,,data owners,1,0
177104,telephone,inperson,web,etc,,telephone inperson web etc,0,0
87777,dysfunction,,,,,dysfunction,0,0
111661,organization,operate,,,,organization operate,0,0
200525,technology,opportunities,,,,technology opportunities,0,0
75716,compliance,technology,operations,,,compliance technology operations,0,0
148503,health,functions,,,,health functions,0,0
85661,characteristics,experience,,,,characteristics experience,0,0
18971,role,details,interest,,,role details interest,0,0
68992,worldclass,leadership,team,,,worldclass leadership team,0,0
59578,ed,,,,,ed,0,0
2655,upld,,,,,upld,0,0
7785,healthier,environment,,,,healthier environment,0,0
12793,python,powershell,perl,,,python powershell perl,1,0
132753,redshift,emr,,,,redshift emr,1,0
96552,d,engineer,,,,d engineer,0,0
2156,accommodations,,,,,accommodations,0,0
214294,tem,facility,http//hummingbirdscientific.com/temlab/,job,description,tem facility http//hummingbirdscientific.com/temlab/ job description,0,0
11037,patient,data,,,,patient data,0,0
3189,program,,,,,program,0,0
50628,continents,,,,,continents,0,0
134938,highquality,data,solutions,,,highquality data solutions,1,0
141109,redshift,knowledge,,,,redshift knowledge,1,0
88682,employee,polygraph,protection,act,,employee polygraph protection act,0,0
152201,qualifications,fluency,,,,qualifications fluency,0,0
77453,gathering,business,requirements,documentation,,gathering business requirements documentation,1,1
24687,prohibits,discrimination,,,,prohibits discrimination,0,0
206078,executive,chairman,,,,executive chairman,0,0
65734,salaries,,,,,salaries,0,0
128451,rhythm,,,,,rhythm,0,0
104276,’,s,controlm,,,’ s controlm,0,0
159627,disaster,,,,,disaster,0,0
68210,'requirements,minimum,,,,'requirements minimum,0,0
67683,data,scientist/computer,scientist,,,data scientist/computer scientist,0,0
529,selfstarter,,,,,selfstarter,0,1
125058,university,level,expertise,,,university level expertise,0,0
4846,genetics,,,,,genetics,0,0
91990,reference,material,,,,reference material,0,0
112687,analysts,consultants,,,,analysts consultants,0,0
89043,metrics,data,application,,,metrics data application,1,0
66732,experience,disney,streaming,services,dss,experience disney streaming services dss,0,0
142821,conflicts,,,,,conflicts,0,0
126836,'create,data,processing,routines,,create data processing routines,1,0
91078,software,investigates,,,,software investigates,0,0
183969,acornai,platform,,,,acornai platform,0,0
14931,highquality,insights,,,,highquality insights,0,0
175449,deaccumulation,patterns,,,,deaccumulation patterns,1,0
90614,mavens,,,,,mavens,0,0
105073,data,sources,ads,,,data sources ads,1,0
216730,wwde,,,,,wwde,0,0
114187,defense,intelligence,agency,dia,,defense intelligence agency dia,0,0
127125,business,data,usability,work,,business data usability work,0,0
80450,learning,reinforcement,learning,,,learning reinforcement learning,1,0
4777,employee,resource,groups,,,employee resource groups,0,0
109150,work,qualifications,,,,work qualifications,0,0
104365,implementation,model,,,,implementation model,1,0
2690,analysts,,,,,analysts,0,0
182253,standards,processes,,,,standards processes,0,0
86625,power,apis,,,,power apis,1,0
198930,creativity,resourcefulness,,,,creativity resourcefulness,0,1
92758,information,products,,,,information products,1,0
10217,'zions,,,,,'zions,0,0
196171,infrastructure/technology,designs,,,,infrastructure/technology designs,1,0
146272,aetna,and/or,healthcare,,,aetna and/or healthcare,0,0
79289,end,user,reports,,,end user reports,1,0
55315,client,leads,,,,client leads,0,0
163250,data,mining,algorithms,,,data mining algorithms,1,0
14067,machine,learning,friends,,,machine learning friends,1,0
151462,data,curation,efforts,,,data curation efforts,1,0
16084,role,understanding,,,,role understanding,0,0
146038,affiliations,,,,,affiliations,0,0
118649,distribution,capabilities,,,,distribution capabilities,0,0
58778,enterprise,data,model,efforts,,enterprise data model efforts,1,0
64177,jobassistakima.com,,,,,jobassistakima.com,0,0
164596,consumer,data,science,organization,,consumer data science organization,0,0
74893,enthusiasm,,,,,enthusiasm,0,1
101361,day,measurement,,,,day measurement,0,0
59467,information,technology,engineering,,,information technology engineering,0,0
103266,construction,team,,,,construction team,0,0
48,experience,,,,,experience,0,0
194670,conditions,research,office,,,conditions research office,0,0
53738,funding,,,,,funding,0,0
93464,support,partner,,,,support partner,0,0
144089,software,development,evolution,,,software development evolution,1,0
103999,visualization,packages,,,,visualization packages,1,0
185922,informationtoaction,,,,,informationtoaction,0,0
7398,identity,,,,,identity,0,0
82366,learning,capabilities,,,,learning capabilities,0,1
164824,documentation,guidelines,,,,documentation guidelines,0,0
53678,product,engineering,teams,,,product engineering teams,0,0
12531,pay,transparency,policy,,,pay transparency policy,0,0
90331,data,pipelines,·,,,data pipelines ·,1,0
160511,health,research,programs,,,health research programs,0,0
57363,approvals,,,,,approvals,0,0
61490,interventions,program,,,,interventions program,0,0
166663,data,virtualization,tools,,,data virtualization tools,1,0
190896,job,overview,qualcomm,,,job overview qualcomm,0,0
82,’,s,vast,team,,’ s vast team,0,0
61412,adjunct,,,,,adjunct,0,0
13426,graduate,coursework,,,,graduate coursework,0,0
201968,ssis,informatics,,,,ssis informatics,0,0
60733,trillions,,,,,trillions,0,0
153202,quit,,,,,quit,0,0
7294,enterprise,profitability,,,,enterprise profitability,0,0
75254,role,youll,get,,,role youll get,0,0
187817,process,knowledge,documents,findings,,process knowledge documents findings,0,0
151674,customer,success,teams,,,customer success teams,0,0
178945,haystack,,,,,haystack,1,0
83,partners,,,,,partners,0,0
123855,inclusion,career,pathing,,,inclusion career pathing,0,0
17632,employment,eligibility,,,,employment eligibility,0,0
144435,–and,,,,,–and,0,0
83161,nlp,engine,,,,nlp engine,1,0
70954,buzz,phrase,,,,buzz phrase,0,0
84584,repositories,,,,,repositories,1,0
4974,hiring,practices,,,,hiring practices,0,0
110536,invention,,,,,invention,0,0
60153,[,'duties,,,,[ 'duties,0,0
84754,csvs,experience,,,,csvs experience,0,0
57218,ontologies,,,,,ontologies,0,0
178486,boston,massachusetts,,,,boston massachusetts,0,0
183330,time,traffic,data,,,time traffic data,0,0
1458,arlington,va,hq2,,,arlington va hq2,0,0
105317,experience,contributes,,,,experience contributes,0,0
9852,sclerosis,oncology,immunology,,,sclerosis oncology immunology,0,0
51445,justice,database,analysis,plan,delivery,justice database analysis plan delivery,1,0
149518,bsas,developers,,,,bsas developers,1,0
190513,millennium,falcon,,,,millennium falcon,0,0
359,pantry,items,,,,pantry items,0,0
146180,albuquerque,,,,,albuquerque,0,0
105794,disability,race,religion,gender,sex,disability race religion gender sex,0,0
56126,allegiance,,,,,allegiance,0,0
58077,data,visualization.ability,,,,data visualization.ability,1,0
87321,clouds,,,,,clouds,0,0
188976,sites,,,,,sites,0,0
58817,contact,risk,,,,contact risk,0,0
134778,soup,name,,,,soup name,0,0
74605,business,audiences,ability,,,business audiences ability,0,0
76634,analytics,segmentation,,,,analytics segmentation,1,0
2699,wisdom,,,,,wisdom,0,0
169188,edge,text,mining,text,analytics,edge text mining text analytics,1,0
51441,force,complaints,,,,force complaints,0,0
120290,'statistics,data,science,,,'statistics data science,1,0
67779,data,science,director,position,,data science director position,0,0
173436,predecessor,,,,,predecessor,0,0
132840,cise,please,click,,,cise please click,0,0
128237,planning,analyst,,,,planning analyst,0,0
50248,application,deadline,,,,application deadline,0,0
82853,systems,operation,,,,systems operation,1,0
182052,aisles,,,,,aisles,0,0
72801,example,analytics,,,,example analytics,0,0
125950,consequence,,,,,consequence,0,0
84404,agent,,,,,agent,0,0
166888,testing,standards,manages,,,testing standards manages,0,0
13498,latter,,,,,latter,0,0
129675,aia,business,,,,aia business,0,0
148374,onboard,,,,,onboard,0,0
167652,hadoop,presto,emr,etc,,hadoop presto emr etc,1,0
9984,causal,inference,,,,causal inference,1,0
167684,finance,data,warehouse,,,finance data warehouse,1,0
205916,change,arent,afraid,,,change arent afraid,0,0
182160,race,colour,gender,religion,age,race colour gender religion age,0,0
126172,data,monitor,business,health,,data monitor business health,0,0
176699,scalability,supportability,ease,,,scalability supportability ease,0,0
175074,mcdonald,’,s,restaurant,environment,mcdonald ’ s restaurant environment,0,0
201845,realworld,largescale,,,,realworld largescale,0,0
164174,report,processes,,,,report processes,1,0
179803,fullstack,engineers,,,,fullstack engineers,1,0
125842,requirements,gathering,,,,requirements gathering,1,0
4272,machine,learning,methods,,,machine learning methods,1,0
212004,ghz,spectrum,,,,ghz spectrum,0,0
212350,browser,https//workforcenow.adp.com/jobs/apply/posting.htmlclienthsri,,,,browser https//workforcenow.adp.com/jobs/apply/posting.htmlclienthsri,0,0
88339,project,objectives,,,,project objectives,0,0
153244,data/innovation,practice,,,,data/innovation practice,1,0
136887,caregiverssm,worldwide,,,,caregiverssm worldwide,0,0
4493,consumer,products,,,,consumer products,0,0
203908,business,analytics,data,,,business analytics data,1,0
137235,sheetz,,,,,sheetz,0,0
10346,marketing,transformation,,,,marketing transformation,0,0
121754,tve,,,,,tve,0,0
198756,orientation,adssde,madsjob,den15,,orientation adssde madsjob den15,0,0
139517,data,consumption,,,,data consumption,1,0
73890,disability,services,office,,,disability services office,0,0
51088,'description,day,,,,'description day,0,0
118914,markets/verticals/pricing/,promotions,,,,markets/verticals/pricing/ promotions,1,0
107494,storage,technologies,,,,storage technologies,1,0
13284,project,view,,,,project view,0,0
211015,software,engineer,ii,,,software engineer ii,0,0
104420,supply,chain,network,,,supply chain network,0,0
10497,business,problem,create,solutions,,business problem create solutions,0,0
68425,analysis,correlation,,,,analysis correlation,1,0
160047,methods,distribution,analysis,classification,,methods distribution analysis classification,1,0
173739,home,ooh,,,,home ooh,0,0
86022,integration,experience,,,,integration experience,1,0
72536,services,experience,,,,services experience,0,1
4592,biology,engineering,,,,biology engineering,0,0
172175,work,flow,,,,work flow,1,0
111390,realpage,,,,,realpage,0,0
175951,distance,matrix,,,,distance matrix,1,0
62015,ssis,familiarity,,,,ssis familiarity,1,0
190288,data,source,integrations,,,data source integrations,1,0
55752,computing,branch,,,,computing branch,0,0
206443,community,college,ppcc,,,community college ppcc,0,0
206369,support,relationship,,,,support relationship,0,0
50619,highquality,food,products,,,highquality food products,0,0
86345,morans,,,,,morans,0,0
90344,industry,experience,·,ms,degree,industry experience · ms degree,0,0
93259,advertisers,partners,,,,advertisers partners,0,0
106291,problem,statement,,,,problem statement,0,0
106595,decisionmaking,skills,,,,decisionmaking skills,0,1
5293,code,reviews,,,,code reviews,1,0
210029,azure,engineering,teams,,,azure engineering teams,0,0
190898,inventors,,,,,inventors,0,0
55281,shoppers,,,,,shoppers,0,0
120464,informed,,,,,informed,0,0
6669,pay,grade,,,,pay grade,0,0
172268,'oversees,,,,,'oversees,0,0
60168,hire,solicitation,,,,hire solicitation,0,0
142118,manufacturing,facilities,sales,offices,,manufacturing facilities sales offices,0,0
96714,harmonization,,,,,harmonization,0,0
19029,onsite,messaging,tools,,,onsite messaging tools,0,0
195164,implementation,documents,,,,implementation documents,1,0
86324,java,ruby,c,,,java ruby c,1,0
63230,futureproof,,,,,futureproof,0,0
112785,mathematics,experience,,,,mathematics experience,1,0
217409,insurance,teams,,,,insurance teams,0,0
12176,'recommends,,,,,'recommends,0,0
4754,research,design,/,,,research design,1,0
73806,work/life,programs,,,,work/life programs,0,0
194573,business,requirements,data,definition,,business requirements data definition,1,0
146230,company,e.g,,,,company e.g,0,0
82661,traditions,,,,,traditions,0,0
204596,pytorch,sagemaker,etc,,,pytorch sagemaker etc,1,0
155994,infection,autoimmunity,,,,infection autoimmunity,0,0
8408,market,washington,,,,market washington,0,0
782,instruments,,,,,instruments,0,0
126675,industry,leadership,,,,industry leadership,0,1
98664,data,center,qualifications,,,data center qualifications,0,0
80512,systems,models,machine,,,systems models machine,1,0
154101,employmentatwill,rights,,,,employmentatwill rights,0,0
50336,highprofile,clients,,,,highprofile clients,0,0
8694,data,scientist/developer,,,,data scientist/developer,0,0
53544,disparate,data,,,,disparate data,1,0
60907,recommender,systems,knowledge,,,recommender systems knowledge,1,0
60318,qualification,requirement,,,,qualification requirement,0,0
16083,ml,engineer,,,,ml engineer,0,0
62761,floor,,,,,floor,0,0
111300,production,deployment,pipeline,,,production deployment pipeline,1,0
69646,fhir®,standardslink,,,,fhir® standardslink,0,0
66209,kite,,,,,kite,1,0
178749,staff,work,,,,staff work,0,0
59410,rise,,,,,rise,0,0
159509,client,delivery,accountability,experience,,client delivery accountability experience,0,0
1242,ml,models,,,,ml models,1,0
52594,core,trip,flow,,,core trip flow,1,0
7223,'procter,,,,,'procter,0,0
148183,scrum,framework,,,,scrum framework,1,0
109131,problem,domain,define,goals,,problem domain define goals,0,0
159776,army,asa,,,,army asa,0,0
182549,translator,,,,,translator,0,0
156968,operating,companies,,,,operating companies,0,0
170854,crosschannel,grocery,ecosystem,,,crosschannel grocery ecosystem,0,0
70505,position,focuses,,,,position focuses,0,0
191492,selectee,,,,,selectee,0,0
120027,discipline,experience,,,,discipline experience,0,0
14707,consumerization,,,,,consumerization,0,0
79438,serviceorientation,,,,,serviceorientation,0,0
70233,information,solutions,,,,information solutions,1,0
79297,conditions,works,,,,conditions works,0,0
163171,'janssen,pharmaceuticals,,,,'janssen pharmaceuticals,0,0
61547,acumen,,,,,acumen,0,0
164138,art,office,,,,art office,0,0
105247,community,engagement,activities,,,community engagement activities,0,0
95232,amazon,music,search,team,,amazon music search team,0,0
58079,data,sources.3,years,,,data sources.3 years,0,0
86743,fy2017,,,,,fy2017,0,0
168842,execution,approach,,,,execution approach,0,0
9159,registration,,,,,registration,0,0
85739,data,visualization,report,automation,,data visualization report automation,1,0
144084,data,science,libraries,,,data science libraries,1,0
128937,humanjudgment,tasks,,,,human judgment tasks,0,1
197821,serves,millions,,,,serves millions,0,0
78677,data,driven,products,,,data driven products,1,0
84916,skills,information,management,database,,skills information management database,1,0
210743,plans,programs,,,,plans programs,0,0
52213,analytics,shift,,,,analytics shift,1,0
59113,spark,experience,,,,spark experience,1,0
1103,clarification,responds,,,,clarification responds,0,0
179130,unit,lead,,,,unit lead,0,0
81187,race,color,sex,,,race color sex,0,0
105746,selection,/,stratification,,,selection / stratification,1,0
10946,data,volume,,,,data volume,1,0
193070,product,growth,collaborate,,,product growth collaborate,0,0
207741,service,gs11,,,,service gs11,0,0
162829,market,competitiveness,,,,market competitiveness,0,0
137265,development,assessment,refinement,,,development assessment refinement,1,0
136833,discretion,integrity,,,,discretion integrity,0,1
471,business,problems,,,,business problems,0,0
76786,medias,,,,,medias,0,0
127881,data,tech,,,,data tech,0,0
164357,analysis,visualization,modeling,,,analysis visualization modeling,1,0
132049,startup,investment,companies,,,startup investment companies,0,0
117625,application,resume,,,,application resume,0,0
206346,measure,customer,level,,,measure customer level,0,0
63037,kitchen,,,,,kitchen,0,0
62615,citizenship,status,,,,citizenship status,0,0
203975,life,insurance,wellness,programs,,life insurance wellness programs,0,0
13751,java,c/c++,r,javascript/node,,java c/c++ r javascript/node,1,0
125983,information,availability,,,,information availability,0,0
144,business,concepts,,,,business concepts,0,1
53582,classification,efforts,,,,classification efforts,1,0
105597,textiles,,,,,textiles,0,0
97927,analytics,problems,,,,analytics problems,1,0
94337,conover,,,,,conover,0,0
142087,python,r,jsl,,,python r jsl,1,0
6245,computation,,,,,computation,0,0
54115,funnels,contracts,,,,funnels contracts,1,0
195149,systems/programs,,,,,systems/programs,0,0
93511,security,aerospace,,,,security aerospace,0,0
78569,project,draft,project,reports,,project draft project reports,0,0
2588,intelligence,tools,,,,intelligence tools,1,0
80204,refining,,,,,refining,0,0
213154,persistence,technology,,,,persistence technology,1,0
86896,papers·,,,,,papers·,0,0
78781,samsung,electronics,,,,samsung electronics,0,0
90279,'minority/female/veteran/individuals,,,,,'minority/female/veteran/individuals,0,0
214994,research,products,transition,,,research products transition,0,0
18003,control,mechanisms,,,,control mechanisms,0,0
106960,computer,and/or,database,,,computer and/or database,0,0
2849,rates,,,,,rates,0,0
189138,support,application,integration,,,support application integration,1,0
65938,cash,compensation,,,,cash compensation,0,0
10,combination,,,,,combination,0,0
176954,reuses,,,,,reuses,0,0
81994,data,scientists,machine,,,data scientists machine,0,0
78962,text,analytics,,,,text analytics,1,0
82014,research,ml,group,,,research ml group,0,0
83907,competency,framework,,,,competency framework,1,0
151688,agile,healthcare,environment,,,agile healthcare environment,0,0
194070,recognition,nlp,data,mining,,recognition nlp data mining,1,0
92312,rkt,crio,etc,,,rkt crio etc,1,0
79866,execution,•,,,,execution •,0,0
87632,movingaverages,,,,,movingaverages,0,0
118704,models,evaluation,,,,models evaluation,1,0
184012,technology,research,,,,technology research,1,0
194655,education,environment,,,,education environment,0,0
198201,etl,bi,,,,etl bi,1,0
183790,research,direction,,,,research direction,0,0
92368,explain,,,,,explain,0,0
127463,techniques,data,mining,machine,,techniques data mining machine,1,0
80844,skills,experience,passion,,,skills experience passion,0,0
67909,/,text,mining,graph,analytics,/ text mining graph analytics,1,0
145307,identity,resolution,team,design,,identity resolution team design,0,0
199055,research,specification,design,development,,research specification design development,0,1
53839,qualifications,knowledge,,,,qualifications knowledge,0,0
50629,majority,shareholder,,,,majority shareholder,0,0
109260,artifacts,,,,,artifacts,0,0
206784,retention,practices,,,,retention practices,1,0
208323,standout,innovators,,,,standout innovators,0,0
69420,tools,data,sources,,,tools data sources,1,0
186115,statement,college,board,,,statement college board,0,0
121168,oral,,,,,oral,0,1
203053,site,teams,,,,site teams,0,0
147262,product,design,enhancements,,,product design enhancements,1,0
188273,conduct,relevant,,,,conduct relevant,0,0
213871,http//www.ig.energy.gov/,,,,,http//www.ig.energy.gov/,0,0
57208,regulations,candidates,,,,regulations candidates,0,0
67988,origin,ancestry,marital,,,origin ancestry marital,0,0
60619,aviation,digital,data,bus,technologies,aviation digital data bus technologies,0,0
96744,data,science/analytics/statistics/operations,,,,data science/analytics/statistics/operations,1,0
133290,highaltitude,platforms,,,,highaltitude platforms,0,0
139607,data,interface,scripts,,,data interface scripts,1,0
192605,data,analytics,reporting,,,data analytics reporting,1,0
132517,prioritizing,activities,,,,prioritizing activities,0,1
150449,veterans,status,,,,veterans status,0,0
164154,cftc,,,,,cftc,0,0
184256,mdm,server,truist,,,mdm server truist,0,0
10183,systems,management,,,,systems management,0,1
16429,pytorch,docker,,,,pytorch docker,1,0
101984,cots,,,,,cots,0,0
82698,fulfillment,center,rooftops,,,fulfillment center rooftops,0,0
206050,grill,,,,,grill,0,0
3208,'proficiency,,,,,'proficiency,0,0
2352,cities,,,,,cities,0,0
70837,data,architecture,forum,,,data architecture,1,0
9956,indication,discovery,,,,indication discovery,0,0
74600,environment,excellent,verbal,,,environment excellent verbal,0,0
144369,business,intelligence,and/or,,,business intelligence and/or,1,0
200642,science,effort,,,,science effort,0,0
133781,data,ecosystems,experience,,,data ecosystems experience,1,0
55057,workforcelogiq,,,,,workforcelogiq,0,0
208392,access,layers,,,,access layers,1,0
122828,'performs,ad,hoc,analyses,,'performs ad hoc analyses,0,0
138814,approach,diversity,,,,approach diversity,0,0
2923,priorities,,,,,priorities,0,0
68555,programming,tests,,,,programming tests,1,0
81997,models,systems,,,,models systems,1,0
55547,architects,data,scientists,,,architects data scientists,0,0
140629,cambridge,semantics,,,,cambridge semantics,0,0
12054,forces,,,,,forces,0,0
165183,strategy,sales,,,,strategy sales,0,1
205559,'the,data,services,engineer,,'the data services engineer,0,0
140552,college/,university,,,,college/ university,0,0
55837,scale,data,visualization,,,scale data visualization,1,0
203941,skills,development/query,,,,skills development/query,0,0
148505,prevention,inspections,,,,prevention inspections,0,0
13650,inspirational,,,,,inspirational,0,0
149000,infrastructure,mission,support,,,infrastructure mission support,0,0
79629,discount,store,,,,discount store,0,0
207883,inhire,,,,,inhire,0,0
197046,experience,ingesting,processing,storing,,experience ingesting processing storing,1,0
71619,training,conferences,,,,training conferences,0,0
95036,edge,machine,learning,models,,edge machine learning models,1,0
114901,nmsdc,,,,,nmsdc,0,0
208742,intuitions,,,,,intuitions,0,0
154235,accepting,,,,,accepting,0,0
95963,solution,assessment,,,,solution assessment,1,0
938,agreement,,,,,agreement,0,0
175495,attracts,,,,,attracts,0,0
88906,analytics,analyst,,,,analytics analyst,0,0
92898,interview,experience,please,,,interview experience please,0,0
14058,form,ability,,,,form ability,0,0
8703,informaticists,,,,,informaticists,1,0
173375,data,modeling,standards,guidelines,,data modeling standards guidelines,1,0
104398,project,methodology,,,,project methodology,1,0
92399,government,clearance,,,,government clearance,0,0
81939,reporting,techniques,,,,reporting techniques,1,0
144461,customer,segmentation,brand,equity,analyses,customer segmentation brand equity analyses,1,0
71244,strength,creativity,,,,strength creativity,0,1
208907,requirements,b.s,,,,requirements b.s,0,0
194117,launch,ideas,,,,launch ideas,0,1
204506,generation,pharmaceuticals,,,,generation pharmaceuticals,0,0
61986,response,modeling,work,,,response modeling work,1,0
186932,market,data,order/execution,data,,market data order/execution data,0,0
217209,course,material,office,hours,,course material office hours,0,0
178388,sentence,structure,,,,sentence structure,1,0
92292,experience,emrspark,,,,experience emr spark,1,0
130104,testing,practices,,,,testing practices,1,0
78377,solutions,provider,,,,solutions provider,0,0
192192,journals,experience,,,,journals experience,1,0
185654,research,address,,,,research address,0,0
147863,development,program,,,,development program,0,0
61,consideration,,,,,consideration,0,0
217454,analysis,libraries,,,,analysis libraries,1,0
57682,selfservice,tools,,,,selfservice tools,1,0
82509,data,pipelines,experience,,,data pipelines experience,1,0
114181,job,submissions,,,,job submissions,0,0
276,internship,,,,,internship,0,0
58825,'qualifications,masters,,,,'qualifications masters,0,0
184330,runs,,,,,runs,0,0
134438,experience,levels,,,,experience levels,0,0
13254,investment,banking,,,,investment banking,0,0
52934,dc,office,,,,dc office,0,0
862,heart,,,,,heart,0,0
138967,data,data,structures,,,data structures,1,0
8370,law,enforcement,,,,law enforcement,0,0
155290,[,'auth0,,,,[ 'auth0,0,0
3774,scipy,pandas,statsmodels,,,scipy pandas statsmodels,1,0
126730,start,dates,,,,start dates,0,0
6093,donations,,,,,donations,0,0
174085,experience,ba/bs,,,,experience ba/bs,0,0
63135,data,manipulation,visualization,,,data manipulation visualization,1,0
127648,r,familiarity,,,,r familiarity,1,0
2031,'fluent,,,,,'fluent,0,0
191665,disabilities,individuals,,,,disabilities individuals,0,0
12200,solution,recommendations,,,,solution recommendations,1,0
154952,education,master,’,,,education master ’,0,0
182661,reliability,interpret,business,needs,,reliability interpret business needs,0,0
134998,engineering,computer,science,statistics,econometrics,engineering computer science statistics econometrics,0,0
140005,software,engineering,patterns,,,software engineering patterns,1,0
542,benefits,package,,,,benefits package,0,0
123816,improve,business,,,,improve business,0,0
100312,analytics,products,examples,,,analytics products examples,1,0
176591,description,sia,partners,,,description sia partners,0,0
191435,customer,finance,,,,customer finance,0,0
120433,energy,company,,,,energy company,0,0
145267,stock,option,plan,,,stock option plan,0,0
16572,email,exchange,,,,email exchange,0,0
209068,ambiguity,ability,,,,ambiguity ability,0,0
18017,matter,expertise,,,,matter expertise,1,0
217285,tampa,campus,,,,tampa campus,0,0
55425,analysis,data,visualisation,insight,,analysis data visualisation insight,1,0
104269,experience,establishing,,,,experience establishing,0,0
82477,mercari,,,,,mercari,0,0
84140,computer,security,industry,’,,computer security industry ’,0,0
147846,bainum,family,foundation,,,bainum family foundation,0,0
197635,penn,state,campuses,,,penn state campuses,0,0
7166,requirement,,,,,requirement,0,0
148128,engineer,–,minneapolis,,,engineer – minneapolis,0,0
108664,thinking,data,engineers,,,thinking data engineers,0,0
204355,s,parent,company,lvmh,,s parent company lvmh,0,0
77302,•,design,develop,,,design develop,1,0
114350,partnership,status,past,,,partnership status past,0,0
10094,science,developer,job,number,,science developer job number,0,0
4767,disability,coverages,,,,disability coverages,0,0
91819,location—lewiston,idaho,,,,location—lewiston idaho,0,0
169287,business,analysis,tasks,,,business analysis tasks,1,0
10426,leads,,,,,leads,0,0
1962,evaluation,results,,,,evaluation results,1,0
55870,engineering,programs,,,,engineering programs,0,0
121192,experiments,machine,,,,experiments machine,0,0
154310,candidate,comfortable,,,,candidate comfortable,0,0
71784,data,product,development,,,data product development,1,0
60999,crossvalidation,experience,,,,cros svalidation experience,1,0
68504,risk,management,insight,,,risk management insight,1,0
171506,data,models,products,,,data models products,1,0
124614,data,prepare,,,,data prepare,0,0
121076,modeling,text,mining,,,modeling text mining,1,0
69146,process,cleanse,,,,process cleanse,0,0
194374,postgresql,databases,,,,postgresql databases,1,0
78305,decision,science,lab,,,decision science lab,0,0
163761,commerce,sales,,,,commerce sales,0,0
90588,world,advantages/drawbacks,,,,world advantages/drawbacks,0,0
203646,production,guide,machine,,,production guide machine,1,0
158269,culture,thrives,,,,culture thrives,0,0
58814,test,requirements,,,,test requirements,1,0
205770,passionate,individuals,,,,passionate individuals,0,1
210071,azure,ml,ml,,,azure ml,1,0
138537,businesses,product,owners,,,businesses product owners,1,0
127454,patients,members,,,,patients members,0,0
207010,chandra,,,,,chandra,0,0
67098,mission,value,,,,mission value,0,0
205919,world,youre,,,,world youre,0,0
55260,lowe,,,,,lowe,0,0
156135,startup,investments,,,,startup investments,0,0
72584,customer,turnaround,,,,customer turnaround,1,0
51011,life,sciences,leader,,,life sciences leader,0,0
2591,message,,,,,message,0,0
151600,research,accomplishments,,,,research accomplishments,0,0
63390,model,performance,design,implement,,model performance design implement,1,0
79150,glue,docker,,,,glue docker,1,0
106325,knowledge,transfer,process,,,knowledge transfer process,1,0
74884,statistics,optimization,,,,statistics optimization,1,0
199065,data,visualization,engineer,,,data visualization engineer,0,0
8483,concise,takeaways,,,,concise takeaways,0,0
97395,skillsets,,,,,skillsets,0,0
137539,badges,,,,,badges,0,0
106838,bestinclass,consumer,marketing,organization,,bestinclass consumer marketing organization,0,0
184944,market,sell,,,,market sell,0,0
200274,ea,,,,,ea,0,0
87308,azure,amazon,web,services,,azure amazon web services,1,0
135648,data,streams,track,,,data streams track,1,0
213195,diagnostic/debugging,skills,,,,diagnostic/debugging skills,1,0
190123,database,theory,,,,database theory,1,0
174976,years,health,,,,years health,0,0
211169,team,efforts,,,,team efforts,0,0
7772,overview,,,,,overview,0,0
81594,'its,research,,,,'its research,0,0
212822,droplets,,,,,droplets,0,0
3777,bigdata,technologies,,,,bigdata technologies,1,0
126433,b2b,saas,platform,,,b2b saas platform,1,0
65505,majority,,,,,majority,0,0
153260,management/leadership,,,,,management/leadership,0,1
53224,staff,member,,,,staff member,0,0
169263,learning,models,familiarity,,,learning models familiarity,1,0
175966,determine,feasibility,,,,determine feasibility,0,0
81785,'people,,,,,'people,0,0
125539,map,data,analysis,,,map data analysis,1,0
75049,segmentation,experience,,,,segmentation experience,1,0
131944,vast,data,assets,,,vast data assets,1,0
131699,business,actions,,,,business actions,0,0
185052,washington,d.c.,arcadia,,,washington d.c. arcadia,0,0
172855,survey,case,,,,survey case,0,0
192758,data,recovery,engineer,,,data recovery engineer,0,0
197277,aplicaciones,,,,,aplicaciones,0,0
79175,manager,business,intelligence,,,manager business intelligence,0,0
116486,experience,join,,,,experience join,0,0
125445,customer,behavior,work,,,customer behavior work,1,0
163118,data,science,topics,,,data science topics,1,0
70536,manufacturing,quantum,material,design,,manufacturing quantum material design,0,0
81973,siri,,,,,siri,1,0
86626,frontend,applications,,,,frontend applications,1,0
150527,environment,travel,,,,environment travel,0,0
203123,ignition,factory,talk,etc,,ignition factory talk etc,0,0
8901,scripting,languages,,,,scripting languages,1,0
72188,underwriting,claims,,,,underwriting claims,1,0
154356,contentsquare,master,,,,contentsquare master,0,0
80383,edge,research,,,,edge research,1,0
134229,adi,,,,,adi,0,0
52794,market,intelligence,martech,,,market intelligence martech,0,0
198950,solutions,document,,,,solutions document,1,0
197898,merchant,’,s,growth,,merchant ’ s growth,0,0
202387,healthcare,delivery,,,,healthcare delivery,0,0
213235,application,experts,,,,application experts,1,0
7837,scale,data,management,,,scale data management,1,0
146381,dbas,data,analysts,,,dbas data analysts,1,0
135595,robotics,industry,,,,robotics industry,0,0
1269,aws,,,,,aws,1,0
87132,community,members,,,,community members,0,0
68540,output,routines,,,,output routines,1,0
210792,information,set,,,,information set,1,0
52121,programs,methods,processes,,,programs methods processes,0,0
188552,fidelity,visit,fidelitycareers.com,,,fidelity visit fidelitycareers.com,0,0
93011,athenistas,,,,,athenistas,0,0
96520,consumer,brands,,,,consumer brands,0,0
143133,industry,interest,,,,industry interest,0,1
10455,garage,teams,,,,garage teams,0,0
105906,species,conservation,,,,species conservation,0,0
1349,user,,,,,user,0,0
215539,'please,review,stitch,fixs,,'please review stitch fixs,0,0
198815,storm,kafka,,,,storm kafka,1,0
126718,installations,,,,,installations,0,0
174609,employees,clients,vendors,,,employees clients vendors,0,0
91568,vector,machines,,,,vector machines,1,0
201586,language,processing,algorithm,development,experience,language processing algorithm development experience,1,0
147166,innovation,service,,,,innovation service,0,0
176010,travel,req,’,d,,travel req ’ d,0,0
161120,selfservice,data,reporting,,,selfservice data reporting,1,0
52553,experimentation,,,,,experimentation,1,0
81487,department,statement,,,,department statement,0,0
133332,frequency,channel,assignments,,,frequency channel assignments,1,0
184836,click,data,subscription,,,click data subscription,1,0
6732,operate,,,,,operate,0,0
196637,conditions,core,business,hours,,conditions core business hours,0,0
1308,modify,,,,,modify,0,0
141678,management,departments,,,,management departments,0,0
98434,computing,scalability,,,,computing scalability,1,0
1914,path,,,,,path,0,0
200522,work,work,,,,work work,0,0
51727,school,,,,,school,0,0
55618,trainers,,,,,trainers,0,0
202368,design,development,evaluation,deployment,,design development evaluation deployment,1,0
81591,cultural,,,,,cultural,0,0
212929,reviewer,,,,,reviewer,0,0
62314,drug,development,qualifications,,,drug development qualifications,0,0
83481,gym,company,,,,gym company,0,0
8456,video,content,,,,video content,1,0
98260,production,m.s,,,,production m.s,0,0
145843,thirdparty,recruiters,,,,thirdparty recruiters,0,0
78060,cognizant,nasdaq100,ctsh,,,cognizant nasdaq100 ctsh,0,0
206993,gravitation,,,,,gravitation,0,0
69978,selfstarter,approach,,,,selfstarter approach,0,1
128946,success,design,evaluation,tasks,,success design evaluation tasks,1,0
216772,longterm,research,challenge,assumptions,,longterm research challenge assumptions,1,0
69650,cryptography,provenance,blockchain,etc,,cryptography provenance blockchain etc,1,0
184009,existing/new,products,,,,existing/new products,0,0
89846,end,user,revenues,,,end user revenues,0,0
4603,degree,masters,,,,degree masters,0,0
205484,initio,ab,initio,,,ab initio,0,0
3564,topics,,,,,topics,0,0
202654,keyvalue,stores,,,,keyvalue stores,0,0
146364,operations,analytics,,,,operations analytics,1,0
122908,presentation,software,e.g,,,presentation software,1,0
93281,experimentations,,,,,experimentations,0,1
3411,business,technology,solutions,,,business technology solutions,1,0
2038,c,,,,,c,1,0
217090,statistics,hand,,,,statistics hand,0,0
139523,load,jobs,,,,load jobs,0,0
193025,skills,speak,,,,skills speak,0,1
171510,'completes,,,,,'completes,0,0
117176,university,’,s,commitment,,university ’ s commitment,0,0
57164,rel,exp,,,,rel exp,0,0
95174,qualifications,education,bachelor,’,,qualifications education bachelor ’,0,0
145533,regulations,availability,,,,regulations availability,0,0
184312,sagemaker,algorithms,team,,,sagemaker algorithms team,0,0
136783,pearl,javascript,,,,pearl javascript,1,0
167382,customer,segmentation,optimization,test,,customer segmentation optimization test,1,0
163957,h,l,tn,,,h l tn,0,0
131174,tenacity,,,,,tenacity,0,1
66902,technology,innovation,,,,technology innovation,0,1
102248,mentor,others,,,,mentor others,0,1
3019,disease,,,,,disease,0,0
1774,engineering,teams,,,,engineering teams,0,0
131195,south,,,,,south,0,0
87884,moments,,,,,moments,0,0
96607,time,series,signal,willingness,,time series signal willingness,1,0
166307,cards,,,,,cards,0,0
78317,brands,businesses,,,,brands businesses,0,0
187468,gis,tools,,,,gis tools,1,0
84166,security,conferences,,,,security conferences,0,0
139389,help,set,business,strategy,,help set business strategy,0,1
474,reports,,,,,reports,0,0
53609,freelance,engineers,,,,freelance engineers,0,0
96527,media,llc,,,,media llc,0,0
134308,consideration,applications,,,,consideration applications,1,0
5892,polygraph,bs,degree,,,polygraph bs degree,0,0
65972,community,care,group,,,community care group,0,0
121738,data,sets,automation,,,data sets automation,1,0
81110,stakeholders,requirements,,,,stakeholders requirements,0,0
374,planet,doesn,’,t,,planet doesn ’ t,0,0
78857,domain,knowledge,detection,classification,,domain knowledge detection classification,1,0
202758,offline,channels,,,,offline channels,1,0
95328,amazon,music,team,ph.d.,,amazon music team ph.d.,0,0
79870,milestones,,,,,milestones,0,0
206904,lsstera,,,,,lsstera,0,0
134402,solve,business,problems,knowledge,,solve business problems knowledge,0,0
1157,synthesizes,complex,,,,synthesizes complex,0,0
151220,zendesk,’,s,customers,,zendesk ’ s customers,0,0
190107,'knowledge,experience,,,,'knowledge experience,0,0
1084,office,travel,,,,office travel,0,0
76469,price,discrimination,models,,,price discrimination models,1,0
149926,news,outlets,,,,news outlets,0,0
93352,statistics,computer,science,econometrics,,statistics computer science econometrics,0,0
131025,customer,satisfaction,process,,,customer satisfaction process,1,0
57157,comp,sci,stats,,,comp sci stats,0,0
170882,term,supportability,,,,term supportability,0,0
141138,hightech,,,,,hightech,0,0
68255,field,engineering,statistics,computer,sciences,field engineering statistics computer sciences,0,0
106533,highperformance,algorithms,prototypes,,,highperformance algorithms prototypes,1,0
59549,data,scientist,roles,,,data scientist roles,0,0
81245,standups/scrum,design,,,,standups/scrum design,1,0
94462,data,science,activities,machine,learning,data science activities machine learning,1,0
96259,abbvie,data,science,,,abbvie data science,0,0
85364,asia,pacific,,,,asia pacific,0,0
68883,'internet,security,,,,'internet security,0,0
91713,process,guides,,,,process guides,0,0
11346,lda,etc,,,,lda etc,0,0
160841,celonis,,,,,celonis,0,0
67572,player,development,assist,,,player development assist,0,0
215666,match,tuition,assistance,,,match tuition assistance,0,0
54044,speeches,,,,,speeches,0,1
174131,intelligence,engineer,rational,,,intelligence engineer rational,0,0
3799,methodology,choices,,,,methodology choices,1,0
1771,products,synthesize,,,,products synthesize,0,0
192058,data,management,halfaker,,,data management halfaker,0,0
72417,experience,finx,,,,experience finx,1,0
191795,managing,projects,people,,,managing projects people,0,1
60400,omissions,,,,,omissions,0,0
59290,import,,,,,import,0,0
52611,eats,,,,,eats,0,0
168691,eu,jp,china,india,,eu jp china india,0,0
135425,radio,frequency,rf,machine,,radio frequency rf machine,0,0
82065,papers,software,,,,papers software,0,0
152754,part,artist,,,,part artist,0,0
139165,advantage,contribute,,,,advantage contribute,0,0
67681,design,department,,,,design department,0,0
171658,data,management,managers,engineering,,data management managers engineering,0,0
180142,biology,data,,,,biology data,0,0
179168,data,gaps,errors,anomalies,,data gaps errors anomalies,1,0
214407,[,'responsibilities,bytedance,,,[ 'responsibilities bytedance,0,0
108275,suicidality,,,,,suicidality,0,0
174533,travel,percentage,,,,travel percentage,0,0
200723,r,ligf1,,,,r ligf1,0,0
108545,auditory,,,,,auditory,1,0
15189,engineer,position,,,,engineer position,0,0
103835,breakfix,experience,,,,break/fix experience,1,0
57251,years,knowledge,,,,years knowledge,0,0
15047,elegance,,,,,elegance,0,0
13210,maine,marshall,islands,,,maine marshall islands,0,0
59183,service,centers,,,,service centers,0,0
199051,groundbreaking,work,,,,groundbreaking work,0,0
108690,sql,data,warehouse•,aix/unix,,sql data warehouse aix/unix,1,0
147150,neenah,,,,,neenah,0,0
86854,cost,analysis,cost,estimates,,cost analysis cost estimates,1,0
191024,science,consulting,help,teams,,science consulting help teams,0,0
87197,tier,university,,,,tier university,0,0
172179,infrastructure,interfaces,,,,infrastructure interfaces,1,0
14203,budget,requirements,,,,budget requirements,0,0
152258,github/bitbucket,account,,,,github/bitbucket account,1,0
101242,experience,research,,,,experience research,0,0
68820,security,experts,,,,security experts,1,0
103910,odc,,,,,odc,1,0
176782,revenue,analyst,,,,revenue analyst,0,0
146135,enjoyment,,,,,enjoyment,0,0
195207,pts,floor,support,,,pts floor support,0,0
151939,spaces,,,,,spaces,0,0
8622,customer,experience,think,,,customer experience think,0,0
123207,audience,data,sources,,,audience data sources,1,0
1666,world,’,s,,,world ’ s,0,0
217001,portfolio,analytics,team,,,portfolio analytics team,0,0
2458,genome,and/or,,,,genome and/or,0,0
72541,redshift,rds,,,,redshift rds,1,0
1937,business,groups,,,,business groups,0,0
83044,business,operations,team,,,business operations team,0,0
114916,support,vision,insurance,,,support vision insurance,1,0
57069,design,reviews,,,,design reviews,1,0
65637,authority,documentation,etc,,,authority documentation etc,1,0
10068,violence,victim,status,,,violence victim status,0,0
159916,dataservices,,,,,dataservices,0,0
201336,records,references,,,,records references,1,0
153822,clients,data,smes,,,clients data smes,0,0
146283,advice,collaborates,,,,advice collaborates,0,0
180318,affords,,,,,affords,0,0
77483,intune,data,insights,,,intune data insights,1,0
65885,customer,roster,,,,customer roster,0,0
211982,core,business,,,,core business,0,0
50370,janitor,tasks,,,,janitor tasks,1,0
105913,use,application,,,,use application,0,0
57481,ecommerce,,,,,ecommerce,0,0
87780,cognition,,,,,cognition,1,0
75170,data,management,functions,,,data management functions,1,0
215880,experience,research,practices,,,experience research practices,0,0
208095,month,tens,,,,month tens,0,0
55630,professional,development,,,,professional development,0,0
7364,field,ms,degree,,,field ms degree,0,0
138929,python,coding,,,,python coding,1,0
158591,data,exploitation,experts,,,data exploitation experts,1,0
3124,business,questions,,,,business questions,0,1
109101,teams,data,,,,teams data,0,0
155212,business,intelligence,microstrategy,tableau,qliksense,business intelligence microstrategy tableau qliksense,1,0
172803,hsag,’,s,desire,,hsag ’ s desire,0,0
54179,employee,involvement,programs,,,employee involvement programs,0,0
217375,stripe,,,,,stripe,0,0
184886,board,msc,degree,,,board msc degree,0,0
6332,use,cases,,,,use cases,1,0
73940,fraud,extract,,,,fraud extract,1,0
6180,email,,,,,email,0,0
208310,pearson,,,,,pearson,1,0
63250,business,intelligence/,data,analytics,roles,business intelligence/ data analytics roles,0,0
178535,company,’,s,confidentiality,,company ’ s confidentiality,0,0
3017,ai,,,,,ai,1,0
218245,meets/exceeds,,,,,meets/exceeds,0,0
55165,dwh/bi,environment,,,,dwh/bi environment,1,0
135988,drop,,,,,drop,0,0
71161,development,work,,,,development work,0,0
78125,fort,belvoir,,,,fort belvoir,0,0
109378,word/excel,,,,,word/excel,1,0
148954,infrastructure,hazards,,,,infrastructure hazards,1,0
159689,management,technologies,,,,management technologies,0,0
153717,logitech,,,,,logitech,0,0
204329,product,discount,,,,product discount,0,0
55971,ictap,eligibility,,,,ictap eligibility,0,0
1781,vision,,,,,vision,0,1
82869,community,intelligence,,,,community intelligence,0,1
64257,image,analysis,software,,,image analysis software,1,0
72431,payment,methods,,,,payment methods,0,0
103242,enter,industry,data,,,enter industry data,0,0
9690,science,computer,science,,,science computer science,0,0
192158,d,organization,,,,d organization,0,0
50333,housing,,,,,housing,0,0
159971,alabama,,,,,alabama,0,0
4703,product,e.g,,,,product e.g,0,0
106497,verve,,,,,verve,0,0
55433,statistics,physics,engineering,,,statistics physics engineering,0,0
79008,cost,efficient,,,,cost efficient,0,0
177118,weights,perform,,,,weights perform,0,0
62096,pricing,group,,,,pricing group,0,0
52116,illinoisresearch,park,office,,,illinoisresearch park office,0,0
15059,expertise,attribute,,,,expertise attribute,0,0
205007,trust,integrity,teamwork,,,trust integrity teamwork,0,1
168782,loss,mitigation,fraud,detection,channel,loss mitigation fraud detection channel,1,0
114460,azure,architecture,,,,azure architecture,1,0
151210,voice,systems,,,,voice systems,1,0
55198,navigation,seo,,,,navigation seo,1,0
54027,skills,knowledge,,,,skills knowledge,0,0
54212,partners,marketers,executives,,,partners marketers executives,0,0
73087,docker,experience,,,,docker experience,1,0
162222,property/casualty,industry,,,,property/casualty industry,0,0
175447,debt,,,,,debt,0,0
147910,deliverables,data,analysis,prepare,reports,deliverables data analysis prepare reports,1,0
170302,customers,departments,,,,customers departments,0,0
92824,estate,brands,,,,estate brands,0,0
144340,'handson,,,,,'handson,0,0
204289,retail/crm/finance,datasets,,,,retail/crm/finance datasets,1,0
66662,processing,ability,,,,processing ability,0,1
21716,matrixed,environment,,,,matrixed environment,1,0
177324,challenge,apply,,,,challenge apply,0,0
218370,risk,management,framework,rmf,ability,risk management framework rmf ability,1,0
137050,assistance,program,–,,,assistance program –,0,0
55370,market,feedback,,,,market feedback,0,0
55910,accreditation,board,,,,accreditation board,0,0
154758,macro,,,,,macro,0,0
101367,communicate,opportunities,,,,communicate opportunities,0,0
166215,language,processing,methods,,,language processing methods,1,0
73551,campuses,,,,,campuses,0,0
99836,modeling,concepts,ability,,,modeling concepts ability,1,0
203986,'synaptics,,,,,'synaptics,0,0
96004,tables,views,,,,tables views,0,0
8794,knowledge,skill,,,,knowledge skill,0,0
193245,program,administration,tasks,,,program administration tasks,1,0
71277,specialization,phd,,,,specialization phd,0,0
65412,r,sas,stata,sql,,r sas stata sql,1,0
64462,“,me.,”,,,“ me. ”,0,0
83793,client,stakeholders,,,,client stakeholders,0,0
184593,party,partners,,,,party partners,0,0
87045,deliver,results,,,,deliver results,0,0
58931,employee,lifecycle,,,,employee lifecycle,0,0
71855,analysis,segmentation,competition,analysis,dashboard,analysis segmentation competition analysis dashboard,1,0
185665,modelling,data,science,,,modelling data science,1,0
157357,engineers,software,developers,product,managers,engineers software developers product managers,0,0
185794,grow,fast,,,,grow fast,0,0
1742,company,’,,,,company ’,0,0
778,date,apr,,,,date apr,0,0
176058,b2c,domains,,,,b2c domains,1,0
68421,machine,learning,methodologies,,,machine learning methodologies,1,0
198508,value,leadership,,,,value leadership,0,1
94426,project,management,guide,,,project management guide,0,0
176229,dataset,owner,,,,dataset owner,1,0
14169,data,science,data,analytics,platform,data science data analytics platform,1,0
98115,data,ingestion,system,,,data ingestion system,1,0
172634,credit,cards,,,,credit cards,0,0
205729,tier,technologies,,,,tier technologies,0,0
203479,entertainment,events,,,,entertainment events,0,0
132167,competition,participation,,,,competition participation,0,0
210056,azure,stream,analytics,,,azure stream analytics,1,0
170146,solutions,tools,,,,solutions tools,1,0
2176,product,organization,,,,product organization,0,0
176619,client,delivery,,,,client delivery,1,0
215652,underwriting,projects,,,,underwriting projects,1,0
108197,dive,investigations,,,,dive investigations,0,0
59571,education,“,,,,education “,0,0
119582,hollywood,,,,,hollywood,0,0
125615,javascript,python,d3,,,javascript python d3,1,0
114370,poly,bachelor,’,,,poly bachelor ’,0,0
50476,data,data,cleanup,etc,,data data cleanup etc,0,0
154309,consulting,skillset,,,,consulting skillset,1,0
130410,machine,learning,theory,,,machine learning theory,1,0
198033,priority,list,,,,priority list,0,0
171703,center,engineer,job,responsibilities,,center engineer job responsibilities,0,0
161695,design,objectives,,,,design objectives,1,0
64402,evolving,,,,,evolving,0,0
74981,chaos,,,,,chaos,0,0
152128,origin,religion,age,color,sex,origin religion age color sex,0,0
10045,change,agent,,,,change agent,0,0
93421,ml,background,,,,ml background,0,0
151942,recruiting,process,,,,recruiting process,0,0
9469,origin,disability,age,,,origin disability age,0,0
69472,business,level,,,,business level,0,0
51778,priority,selection,,,,priority selection,1,0
15082,azure,etc,,,,azure etc,1,0
56821,planning,design,development,,,planning design development,1,0
167039,submitting,agency,,,,submitting agency,0,0
202362,field,proficiency,,,,field proficiency,0,0
90979,health,dental,,,,health dental,0,0
7369,number,,,,,number,0,0
51192,health,care,solutionspecific,challenges,,health care solutionspecific challenges,0,0
190893,req,id,,,,req id,0,0
81390,standardization,transformation,,,,standardization transformation,1,0
119749,award,scenarios,,,,award scenarios,1,0
4167,construct,data,pipelines,,,construct data pipelines,1,0
10981,schema,design,,,,schema design,1,0
5865,exploitation,,,,,exploitation,0,0
5769,key,insights,,,,key insights,1,0
8638,team,make,,,,team make,0,0
150581,research,inc.,,,,research inc.,0,0
82084,experience,education,,,,experience education,0,0
140442,value,ltv,,,,value ltv,0,0
205968,systems,design,develop,,,systems design develop,1,0
70412,data,science/analytics/big,data,program,,data science/analytics/big data program,0,0
166829,data,services,coordinates,,,data services coordinates,1,0
3183,viewing,delivery,parameters,,,viewing delivery parameters,1,0
172864,hsag,data,science,,,hsag data science,0,0
186251,highquality,data,research,,,highquality data research,0,0
76095,business.performs,,,,,business.performs,0,0
74217,interface,design,,,,interface design,1,0
164595,health,data,science,team,,health data science team,0,0
136754,data,structures,data,integrity,,data structures data integrity,1,0
13691,learnings,,,,,learnings,0,0
28,trends,,,,,trends,1,0
106330,analytics,manager,,,,analytics manager,0,0
3908,analysis,classification,algorithms,,,analysis classification algorithms,1,0
92954,phd,ms,,,,phd ms,0,0
214343,insitu,microscopy,system,,,in situ microscopy system,0,0
160210,alpha,insights,,,,alpha insights,1,0
170331,enterprise,reporting,,,,enterprise reporting,1,0
62969,event,data,,,,event data,0,0
71715,neighborhood,,,,,neighborhood,0,0
3544,image,classification,,,,image classification,1,0
10653,'tableau,qlikview,d3,,,tableau qlikview d3,1,0
166315,production,realtime,,,,production realtime,0,0
145500,property,management,teams,,,property management teams,0,0
17041,domain,knowledge,experience,,,domain knowledge experience,1,0
166670,resolution,influence,customer,satisfaction,scores,resolution influence customer satisfaction scores,1,0
119502,line,data,warehouse,,,line data warehouse,1,0
194637,research,setting,,,,research setting,0,0
202374,/,sql,nosql,mongodb,etc,sql nosql mongodb,1,0
59771,bonus,points,,,,bonus points,0,0
70821,r/,python,,,,r python,1,0
9870,intelligence,ai,,,,intelligence ai,1,0
52596,price,estimation,,,,price estimation,1,0
94445,components,analysis,,,,components analysis,1,0
72674,healthcare,sector,preferred.this,,,healthcare sector preferred.this,0,0
96706,supply,chain,industry,,,supply chain industry,0,0
81500,determinants,data,,,,determinants data,1,0
16904,agility,process,management,,,agility process management,1,0
12056,charter,school,network,,,charter school network,0,0
160306,csr,,,,,csr,0,0
180611,charting,tools,experience,,,charting tools experience,1,0
53698,opensource,,,,,opensource,1,0
191234,deposits,loans,,,,deposits loans,0,0
94482,test,a/b,tests,,,test a/b tests,1,0
184665,functions,supports,research,,,functions supports research,0,0
67932,consumer,servicing,experience,,,consumer servicing experience,1,0
14298,health,informatics,,,,health informatics,0,0
71749,saas,platforms,,,,saas platforms,1,0
71438,employee,bonus,program,,,employee bonus program,0,0
185242,prep,builder,,,,prep builder,1,0
13013,issues,experience,,,,issues experience,0,0
110348,replication,engineering,team,members,,replication engineering team members,0,0
9605,promise,,,,,promise,0,0
6519,liaisons,,,,,liaisons,0,0