Chunks,Technical,Soft,Maybe
offshore_model,1,0,
riskonnect,1,0,
management_experience_experience,0,1,
college_graduates,0,0,
monoprix,0,0,
client_perspective_experience,0,1,
france,0,0,
tech_investors,0,0,
quality_data_artifacts,0,0,
use_indexes,1,0,
instrument_hardware,0,0,
cost_efficient,0,0,
value_proposition,0,1,
customer_support_automation,1,0,
problem-solvers,1,0,
telemetry_system,0,0,
audience_knowledge,1,0,
claims_outcomes,1,0,
java_development,1,0,
consumer_needs,0,1,
document_understanding,1,0,
inventions,0,0,
boot_camp,0,0,
aid,0,0,
faculty,0,0,
msci_inc,0,0,
rewards,0,0,
population,0,0,
links,0,0,
data_engineering_practices,1,0,
collaborating,0,1,
ph.d._degree,0,0,
mac,0,0,
brms,1,0,
data_science_coe,1,0,
data_engineer_co-op_intern,0,0,
data_import,1,0,
_i,0,0,
boston_offers,0,0,
job_description_scope,0,0,
minds,0,0,
supervises,0,1,
innovate,1,1,1
roy,0,0,
ksmc,0,0,
business_/_domain_experts,1,0,
repository,1,0,
data_validation_checks,1,0,
graduate_training,0,0,
education_and/or_experience,0,0,
best-in-class,0,0,
//careers.guidewire.com/,0,0,
higherlevels,0,0,
ones,0,0,
process_research,1,0,
diego,0,0,
viewership_data,1,0,
executive_forums,0,0,
product_initiative,1,0,
skills_bachelor,0,0,
change_control_process,1,0,
information_collaborate,1,0,
loan_business,0,0,
projects_collects,0,0,
diego_headquarters,0,0,
population_health,0,0,
agile_development_framework,1,0,
systems_support,1,0,
databricks,1,0,
exchange_points,1,0,
xgboost,1,0,
data_engineering,1,0,
ship_system,0,0,
data_visualization_techniques,1,0,
radio_protocol,1,0,
business_data,0,0,
outcome_and/or,0,0,
analytics_needs,1,0,
unit_stakeholders,0,0,
loss_cost_models,1,0,
field_interest,0,0,
and/or_java,1,0,
_s_products,0,0,
improve,0,0,
card,0,0,
generate_visualizations,1,0,
college_grad,0,0,
transformation_business_intelligence,1,0,
citi,0,0,
scooters,0,0,
cvs_health_company,0,0,
business_outcome,0,0,
executive_leadership_team,0,0,
source_control_system,1,0,
copper_mining,0,0,
amazon_echo_devices,1,0,
effectiveness_surveys,1,0,
accuracy_deploying_models,1,0,
data_designer_activities,1,0,
technology_team,0,0,
requirement_analysis,1,0,
collaboration_opportunities,0,0,
analytics_data_scientist,0,0,
computer_tools,1,0,
rock,0,0,
workplace_regardless,0,0,
execution_risk,0,0,
/,0,0,
data_requirements,1,0,
•ctap/ictap_eligibles,1,0,
louisiana_||,0,0,
support_material,0,0,
macros,0,0,
program_please_click,0,0,
sunset,0,0,
teaching_discipline,0,1,
favorites,0,0,
product_experts,0,0,
go-to-market_activities_requirements,0,1,
months_work,0,0,
machine_learning_theory,1,0,
rationalization,0,1,
plans,0,0,
planetside®,0,0,
oakland,0,0,
video_interview_software,1,0,
edge_data_science,1,0,
engineering_data_science/ml/ai,1,0,
product_safety_requirements,1,0,
ai_data_science,0,0,
product_examples,0,0,
data_analytics_space,1,0,
internetworking,1,0,
medidata_solutions_complies,1,0,
components_department,0,0,
cts/tpx,1,0,
description_framework,1,0,
client_project_team_members/experts,0,0,
orchestration_engine,1,0,
amerisourcebergen_amerisourcebergen,0,0,
advantage_passionate,0,1,
establishes_goals,0,1,
telecom_interface,0,0,
way_companies,0,0,
position_description,0,0,
process_mining_technology,1,0,
search_committee,0,0,
data_sets_version_control,0,0,
yrs_progressive,0,0,
investors,0,0,
leadership_role,0,1,
bloomberg,0,0,
york,0,0,
kroger,0,0,
develop_procedures,1,0,
cengage_employee,0,0,
discovery_discovery,0,0,
coast_hours,0,0,
bts,0,0,
world-class_data,0,0,
characteristics_m.s,0,0,
stability,0,1,
etl_design,1,0,
stakeholders_ability,0,1,
strive,0,0,
_dol.gov,0,0,
stapler,0,0,
www.applied-insight.com,0,0,
schemes,1,0,
statistics_majors,0,0,
sprint_planning,1,0,
platform_services_operations,1,0,
degrees_familiarity,0,0,
report_data/results,1,0,
experience_ms_sql_technologies,1,0,
nbcu,0,0,
survey_assessments,1,0,
endless_snacks,0,0,
build_models,1,0,
test_data_pipelines,1,0,
postion_summary,0,0,
platform_operations,1,0,
data_engine_framework,1,0,
species_habitats,0,0,
facilitate,0,0,
baseball_analytics_team,0,0,
exploration_devise,0,0,
clw,0,0,
data_mining_concepts,1,0,
governance,1,0,
applications_software,0,0,
business_teams,0,0,
revenue_analyst,0,0,
google_earth_engine,1,0,
walter,0,0,
escalate_risk,0,0,
dunnhumbians,0,0,
entertainment,0,0,
github,1,0,
product_performance_requirements,1,0,
directorate_goals,0,1,
safety_support,1,0,
core_comfort_zone,0,0,
bmi,0,0,
uncertainty_quantification,1,0,
delivery_dates,0,0,
traffic_engineering,1,0,
_product_strategy,1,0,
team_brand,0,0,
learning_masters,0,0,
fit_right,0,0,
production_recommender_systems,1,0,
ksl_jobs,0,0,
como_scikit,1,0,
story_types,1,0,
growth_software_company,0,0,
leasing_,0,0,
sponsorship_,0,0,
reconstruction,0,0,
wider,0,0,
salesforce_data_experience_collecting,1,0,
ad_revenue_data,1,0,
riverside_research,0,0,
evaluations,1,0,
release_backlogs,1,0,
data_science_trends,1,0,
financials,0,0,
claims_services,0,0,
policy_development,1,0,
monitors_expenditures,1,0,
follow-through,0,0,
agile_project_management_platform,1,0,
etl_engineers,0,0,
region,0,0,
advertising_marketplace,0,0,
ad_hoc_work_products,0,0,
manager_role,0,0,
business_contacts,0,0,
companys_core_values,0,0,
cost_savings,0,0,
geocodes,0,0,
data_community,0,0,
culmination,0,0,
enterprise_goal,0,0,
disease_prevention,0,0,
cash_management,0,0,
client_systems,1,0,
alternative,0,0,
deploy_machine,1,0,
co-operating_system,1,0,
r-studio,1,0,
earth_system_prediction_systems,1,0,
machine_learning_performance_metrics,1,0,
data_mining_experience,1,0,
chipotle_data_engineering_solution,0,0,
employee_eligible,0,0,
netherlands,0,0,
market_research_data,0,0,
provide_recommendations,1,0,
maintenance_efforts,0,0,
accessing,0,0,
regressions,1,0,
building_models,1,0,
industry_clients,0,0,
lookout,0,0,
overview_loon,0,0,
conda,1,0,
community_rewards,0,0,
field_offices,0,0,
weeks_,0,0,
shape,0,0,
health_scenarios,0,0,
consumer_segment,0,0,
hiveql,1,0,
education_ms,0,0,
data_smoothing,1,0,
member_acquisition,0,0,
model_specifications,1,0,
siri,1,0,
withstand,0,0,
pinterest,0,0,
change_makers,0,0,
business_problems.5,0,0,
hour_events,0,0,
intel_labs,1,0,
powerpoint_applications,1,0,
ims_health,0,0,
drug_project_teams,0,0,
providence_st._joseph_health,0,0,
r/rshiny,1,0,
servicing_environments,1,0,
meng,0,0,
year_degree,0,0,
climate_data_products,1,0,
usages,0,0,
translate_research_questions,1,0,
data_manipulation_software,1,0,
work_day,0,0,
hadopp,1,0,
p,0,0,
downtown_portland,0,0,
accomplishes,0,0,
claim_handling_platforms,1,0,
oracle,1,0,
tissue,1,0,
flsa,1,0,
microservices_architecture,1,0,
visions,0,0,
analytics_requirements,1,0,
motion_control/planning,1,0,
university_leaders,0,0,
development_bs,0,0,
newark,0,0,
lifecycle_build,1,0,
qb,1,0,
fields_benefits,0,0,
train_team_members,0,1,
data_normalization_standards,1,0,
deploy_data_science_models,1,0,
visit_amobee.com,0,0,
future_growth,0,0,
brandwatch,0,0,
munging,1,0,
program_management_support,0,1,
formation,0,0,
data_quality_monitoring_system,1,0,
recovery_process,0,0,
imaging_data_scientist_i_works,0,0,
customer_success_teams,0,0,
candu_home_solutions,0,0,
email_box,1,0,
homepages,1,0,
action_policies,1,0,
description_,0,0,
company_match_tuition_reimbursement_health,0,0,
blacklists,0,0,
future_,0,0,
training_budget,0,0,
month_research_appointment,0,0,
yrs_experience,0,0,
storing,0,0,
philadelphia_,0,0,
/machine_learning,1,0,
advertising_inventory,0,0,
_s_core_business_objectives,0,0,
data_engineer_requirements,0,0,
_s_mobile_automation_team,0,0,
programmes,0,0,
data_source_qualifications,1,0,
data_engineering_solutions_fluency,0,0,
git/bitbucket,1,0,
appreciation,0,0,
kpis_advise,0,0,
computing_workflows,1,0,
diverse_business_lines,0,0,
take_business_requirements,0,0,
payment_methods,0,0,
work_experience_expert_data_scientist,0,0,
bi_analytics_tools,1,0,
make_better_decisions,0,0,
monitor,0,1,
shoulders,0,0,
frameworksfamiliarity,1,0,
braze_services,1,0,
knowledge_rest_intermediate_kibana_intermediate_kafka,1,0,
state_auto,0,0,
companies_position_inventory,0,0,
map_features,1,0,
party_data,0,0,
performance_appraisal,1,0,
organisation,0,0,
data_analysis_proficiency,1,0,
python_development,1,0,
states,0,0,
pipelines_production_experience,1,0,
campus,0,0,
service_architectures,1,0,
professionals_network,0,0,
product_value_propositions,0,0,
custom_data_pipelines,1,0,
airflow,1,0,
jms,1,0,
//gravity.psu.edu/,0,0,
rshiny,1,0,
organization_capabilities,0,1,
preservation_methods,1,0,
image_classification,1,0,
tool_standardization,1,0,
cocom,1,0,
resolution_efforts,0,0,
skill_levels,0,0,
instructors,0,0,
field_type,0,0,
azure_certifications,1,0,
job_duties_design,0,0,
people_person,0,1,
industry_experience_associates,0,0,
engineering,0,0,
generation_shopping_experience,0,0,
data_warehouse_engineer,0,0,
signals_intelligence,1,0,
discount_store,0,0,
exchange_reserves,0,0,
determines_validity_identifies,0,0,
integration_layers,1,0,
program_data,1,0,
data_labels,1,0,
integration_management,0,1,
s,0,0,
_s_collaboration,0,0,
team_setting,0,0,
db/2,1,0,
pcv,1,0,
r_bs,0,0,
engineering_intern,0,0,
search_recall,0,0,
environment_ability,0,0,
_sfdph.org,0,0,
real-world_business_problems,0,0,
data_scientist/developer,0,0,
specialty_space,0,0,
furtherance,0,0,
ncr,0,0,
project_duration,0,0,
image_science,0,0,
economy,0,0,
pairing™,0,0,
classwork,0,0,
level_experience,0,0,
electronics_diagnostics,0,0,
google_cloud_platform_infrastructure,1,0,
ensuring_project_discipline,0,1,
obsession,0,1,
accomplishments,0,0,
/_data_/_computer_science,0,0,
capital_returns,0,0,
benefits_participants,0,0,
clinical/business_consumers,0,0,
media_gtm_partner,0,0,
slides,1,0,
jira_maintain_tickets,1,0,
data_science_tools_experience,1,0,
agency_programs,0,0,
style,0,0,
tuition_aid,0,0,
defect,0,0,
vp,0,0,
compute_platforms,1,0,
biotech_data,1,0,
cybersecurity_operations_ability,1,0,
executive_committees,0,0,
temperatures,0,0,
case_studies,1,0,
process_analysis_construct_process_workflow_charts,1,0,
re-prioritization,0,0,
conservation_decisions,0,0,
psychologists,0,0,
basis_gallup,0,0,
maintain_data_science_projects,1,0,
appropriates,0,0,
multimessenger_observatory_network,0,0,
reserve_system,1,0,
healthcare_communications,0,0,
hpc,1,0,
july,0,0,
attack_surfaces,0,0,
logit,1,0,
enabler,0,0,
sr/case_management,0,0,
_s/mba,0,0,
momentum,0,0,
orise_fellows,0,0,
cure,0,0,
supports_evaluation,0,1,
data_integrity,1,0,
field_industry_experience_building,0,0,
exercise_initiative,0,0,
loss_prevention,1,0,
results_count,0,0,
providing,0,0,
data_scientist_talent_acquisition,0,0,
+_flexibility,0,0,
bayer,1,0,
applications_examples,0,0,
javascript/node,1,0,
field_force_analytics,1,0,
description_zions_bancorporation_,0,0,
relentless_desire,0,0,
physiology,0,0,
developer_ii,1,0,
data_science_frameworks,1,0,
achilles_project,0,0,
ve,0,0,
policy_decisions,1,0,
www.integer.com,0,0,
automation_cloud,1,0,
export_control_compliance_requirements,1,0,
enhance_staff_accomplishments,0,0,1
archimedes,1,0,
analytics_results,0,0,
chemical_compounds,0,0,
biopsies,0,0,
hardware_departments,0,0,
spark_ml_library,1,0,
partner_reports,0,0,
data_migration_strategy,1,0,
austin_||,0,0,
interactions,1,0,
prescription_drug_plans,0,0,
oversight_ability,0,1,
systems_diagram,1,0,
craft_peta_byte_scale_solutions,1,0,
reporting_analyst,0,0,
data_workflow_processes,1,0,
people_leadership_experience,0,1,
/_bi_/,1,0,
sql_tuning,1,0,
engineering_experience_experience_building,0,0,
insider_threat,0,0,
usac,0,0,
allconnect.com,0,0,
database_designs,1,0,
family_information_technology,0,0,
engineering_ability,1,0,
analytics_team_kinship_,0,0,
development_tools,1,0,
cybersecurity_issues,1,0,
door_,0,0,
marc_jacobs,0,0,
country—boise,0,0,
log_analytics_platforms,1,0,
focus_speed_humility_ownership,0,0,
occasions,0,0,
data_ingestion_software,1,0,
profitability,0,0,
transportation_systems_center,0,0,
santa_clara_|_california_|,0,0,
smoothing,1,0,
spend_management_platform,1,0,
granularity,0,0,
],0,0,
organizational,0,1,
opportunity_employer_females,0,0,
summarizing_data,1,0,
siri_team,0,0,
apache_hadoop_ecosystem,1,0,
business_collaborate,0,0,
bioinformatics_data_analysis_pipelines,1,0,
service_centers,0,0,
position_information_position_type,0,0,
ashburn,0,0,
_job_description,0,0,
fsc,0,0,
aspiration_–,0,0,
infection,0,0,
funders,0,0,
maintaining,0,1,
deploy_custom_models,1,0,
data_mining_business,1,0,
reviewers,0,1,
leadership_–,0,1,
investment_artifacts,0,0,
customer_companies,0,0,
analyzes_data,1,0,
qualifications_understanding,0,1,
draw_business_inferences,1,0,
registry_search,0,0,
self-service,0,0,
coordinates_integration_actions,0,1,
job_family_business_operations_department_name,0,0,
cloudformation,1,0,
business_performance_management,0,1,
insurance_claims_data,1,0,
lines_business_operations,0,1,
release,0,0,
enterprise_machine_learning_platforms,1,0,
python_and/or_r,1,0,
allies_groups,0,0,
software_development_lifecycle,1,0,
remote_interviewing,0,0,
summer_intern,0,0,
translate_business_questions,0,1,
feature_design,1,0,
troubleshoot_customer_problems,1,0,
machine_learning,1,0,
link_http,0,,
//www.amon.psu.edu/,0,0,
core,0,0,
process_elements,0,0,
issue_tracking,1,0,
government_experts,0,0,
releases,0,0,
data_engineering_strategy_amazon,1,0,
party_apis,1,0,
offline_data_pipelines,1,0,
bd,0,0,
data_sources_experience,1,0,
biopharma_commercialization_companies,0,0,
art_research,0,0,
relationships_reports,1,0,
day,0,0,
phelps_difference,0,0,
power_kinship_,0,0,
_s_confidentiality,0,0,
accurate,0,0,
customer_centric_results,1,0,
executives_obsesses,0,0,
sales_organization,0,0,
etl_platforms,1,0,
mobilization,0,0,
storage_knowledge,1,0,
planning_processes,1,0,
manage_azure,0,1,
contracting_industry,0,0,
reach,0,0,
time-series_analysis_text_analytics,1,0,
security_products,1,0,
surveillance,1,0,
media_team,0,0,
share_information,0,0,
leadership_program_management,0,1,
scale_success,0,0,
tranzact_business,0,1,
kipp_texas,0,0,
cadent_powers,0,0,
research_pipelines,1,0,
guts,0,0,
sense,0,0,
employment_laws,0,0,
veoa_eligibles,0,0,
drive_efficiencies,0,1,
resource_estimates,0,0,
machine_learning_approaches,1,0,
base_management_agency,0,0,
builds_relationships,0,1,
breeding,0,0,
environment_amazon_web_services,1,0,
smartphones,0,0,
analytics_processes,1,0,
+_sql,1,0,
constraints,0,0,
computation_engines,1,0,
galaxe,0,0,
_ccsf.edu,0,0,
solution_support_business_teams,0,0,
qualifications_ability,0,0,
deck,1,0,
document_classification,1,0,
collaborations_qualifications,0,0,
+_employer_contribution,0,0,
chs,0,0,
document_formatting,1,0,
espp,0,0,
program_engagement,0,0,
data_analysis_requests,1,0,
customer_service_issues,1,0,
form_language,0,0,
data_development_environment,1,0,
data_privacy,1,0,
client_data,0,0,
data_integration_challenges,1,0,
formulating,0,0,
procedures,1,0,
government_listen,0,0,
transportation_industry,0,0,
environment_bs,0,0,
query_performance,1,0,
background_investigation,0,0,
sqoop,0,0,
community_pharmacists,0,0,
amazon_buyer_risk_prevention_machine,1,0,
kafka,1,0,
business_decision_makers,0,0,
test_frameworks,1,0,
thoroughness,0,1,
production_optimization_etc,1,0,
pennsylvania_act,0,0,
eisenhower_avenue_metro_station,0,0,
cq_press,0,0,
rna_sequences,1,0,
phd,0,0,
source_applications,1,0,
edge_techniques,1,0,
incremental,0,0,
analysis_plans,0,0,
habits,0,0,
algebra,0,0,
leadership_workshops,0,1,
poolparty,1,0,
ecosystem_familiarity,1,0,
elasticsearch_mongodb_agile_development_/_scrum_job_type,0,0,
product_recommendation,1,0,
ee,0,0,
program_administrator,0,0,
market_segmentation,1,0,
enterprise_level_data,0,0,
enterprise_directory,0,0,
simulation_models,1,0,
business_priorities,1,0,
judgment_tasks,0,0,
caregiver,0,0,
quality_health_services,0,0,
biological,0,0,
distractions,0,0,
health_resources,0,0,
text_files,0,0,
validate_data,1,0,
optimization_opportunity,1,0,
azure_devops_knowledge,1,0,
experimentalists,0,0,
science_majors_experience,0,0,
gopro,1,0,
widgets,1,0,
de,0,0,
system_interfaces,1,0,
deploying_machine,1,0,
trevor,1,0,
probability_distributions,1,0,
sequencing,1,0,
data_streaming,1,0,
injury,0,0,
etl_techniques,1,0,
coordinate,0,1,
code_components,1,0,
property_valuations,1,0,
finalist,0,0,
performance_management,0,1,
effect_relations,1,0,
data_governance_program,1,0,
supply_chain_data,1,0,
azure_development,1,0,
aesthetics,0,0,
application_design,1,0,
fitness_reimbursement,0,0,
term_memory,1,0,
requirements_definition,1,0,
mongodb_databases,1,0,
machine_learning/deep_learning_frameworks,1,0,
invigorate,0,0,
education_experience,0,0,
response_modeling_work,1,0,
intelligence_tools,1,0,
kitchener-waterloo,0,0,
employee_stock_options,0,0,
management,0,1,
quantity_modeling,1,0,
skills,0,0,
doesn_,0,0,
difference,0,0,
map_business,0,0,
identity_data_science,1,0,
business_technology_stack,1,0,
nanotechnology,1,0,
deep,0,0,
data_science_capacity_planning_models,1,0,
orientation/_age,0,0,
model_specification,1,0,
“,0,0,
design_improvements,1,0,
troubleshoots_data_integrity_issues,1,0,
bengaluru,0,0,
shackleford_rd,0,0,
recruitment_incentives,0,0,
business_development_opportunities,0,0,
data_interface_solutions,1,0,
address_growth,0,0,
project_management_office,0,0,
work_shoulder,0,0,
graph_databases,1,0,
thesis,0,0,
data_technologies,1,0,
_s/phd,0,0,
hours/week,0,0,
cost_solutions,0,0,
design_activities,1,0,
_s_platform,0,0,
command_line_interfaces,1,0,
freeport,0,0,
conditions_management,0,1,
kissmetrics,1,0,
data_analytics_engineer,0,0,
machine_learning_roadmap,1,0,
defense_works,0,0,
area_job,0,0,
drones,0,0,
bike_storage,0,0,
data_hands-on_experience,1,0,
insurance_quotes,0,0,
reno-tahoe,0,0,
life_stage,0,0,
organization_performs,0,0,
world_data,0,0,
description_absolute_software,0,0,
driver,0,0,
software_development_education,0,0,
protocols,1,0,
drug_prediction_platform_search,1,0,
oklahoma,0,0,
engagement,0,0,
relocation_eligible,0,0,
mutations,0,0,
acquisition_enablers,0,0,
problem_solving_skills_facility,1,0,
janssen_research,0,0,
employee_sensing,0,0,
automation_initiatives,1,0,
cure_disease,0,0,
symitar_infrastructure,0,0,
chain,0,0,
work,0,0,
hearings,0,0,
company_events,0,0,
project_solution,1,0,
customer_research_opportunities,0,0,
world_analytics,1,0,
translate_business_problem_statements,1,0,
techniques_experience,1,0,
screens,0,0,
requisition_details_system_job_title,0,0,
equality,0,0,
day_job_job_type,0,0,
analytics_data_cleaning,1,0,
balance,0,0,
owl_rock,0,0,
photocopiers,0,0,
survey_error,0,0,
grid,1,0,
crack,0,0,
analysis_designing,1,0,
enterprise_environments,1,0,
value_stores,1,0,
community_care_group,0,0,
classification_work,1,0,
outdoor,0,0,
business_field,0,0,
model_building_roles_experience,1,0,
ghz_spectrum,1,0,
office_culture,0,0,
builds_data_models,1,0,
delivery_analyze,1,0,
concepts_knowledge/experience,1,0,
credit_check,0,0,
+_fraud_analysis,1,0,
student_learning,0,0,
enterprise_data_governance_principles,1,0,
maintenance_processes,1,0,
bethlehem_pa,0,0,
diverse,0,0,
develop_data_set,1,0,
culture_aficionados,0,0,
online_experimentation_system_powers_experiments,0,0,
industry_standard_practices,1,0,
office_applications,0,0,
adult_swim,0,0,
vendor_offerings,0,0,
real-world_problem_ability,0,1,
problems_competencies/qualifications,0,0,
tract,0,0,
member_decisions,0,0,
e-mail,0,0,
evidence_lead,0,0,
dollars_,0,0,
guggenheim_customers,0,0,
background_check_statement,0,0,
thought-leader,0,1,
law_eeo,0,0,
research_methodology,1,0,
nicotine_screen,0,0,
internship_positions,0,0,
machine_learning_initiatives,1,0,
modernizing,0,1,
production_dashboards,1,0,
reviewing,0,1,
experience_computer_skills,1,0,
model_techniques,1,0,
score_quality_requirements,0,0,
technology_architectures,1,0,
creation/updating,0,0,
accreditation,0,0,
coursera,0,0,
segmentation_build,1,0,
proofpoint_team,1,0,
sidewalk,0,0,
documents_process,0,0,
jersey-titusville-,0,0,
construction_construction_management,0,0,
insurance_business_segments,1,0,
sql_server_proficient,1,0,
smarthome,1,0,
apache_cassandra,1,0,
supports_post-production_implementations,1,0,
depository_institutions,1,0,
use_nifi,1,0,
method,0,0,
•_aix/unix,1,0,
tableau_hires_company_builders,1,0,
benefits_cognizant,0,0,
requirements_ability,0,0,
learning_algorithm,1,0,
_description_,0,0,
use_sparkml,1,0,
position_summary/position,0,0,
anticipates,0,0,
r._experience,1,0,
data_science_products,1,0,
data_repositories,1,0,
security_space,1,0,
visualization_/_ml_experience,1,0,
focus_fluency,0,0,
battery,0,0,
muni,0,0,
service_innovation,0,0,
business_problems_experience,1,0,
abm,0,0,
conclusions_leverage_data,1,0,
vision_tasks,0,0,
game_night,0,0,
boldness,0,0,
etl_development_work,1,0,
library_technologies,1,0,
commonwealth_,0,0,
milestone,0,0,
error_resolution,0,0,
illinois_||,0,0,
mip,0,0,
burden,0,0,
qliksense_reporting_proficiency,1,0,
degree_and/or_phd,0,0,
ictap/ctap,0,0,
inbound_travel,0,0,
subscription_energy_product,0,0,
pyocr,1,0,
business_judgment_master,0,1,
work_experience_proficient,0,0,
confidence_—,0,0,
business_intelligence/_data_analytics_roles,0,0,
prospects,0,0,
revenue_goals,0,0,
industry_patterns,1,0,
mortgage_industry,0,0,
fruits,0,0,
pilot_studies,1,0,
engineering_teams_ability,0,0,
python/c/matlab,1,0,
seeks_opportunities,0,0,
quality_ranking_factors,1,0,
educational,0,0,
quality_analyses,1,0,
leadership_team_develop,0,0,
mass_transit,0,0,
life_sciences_industry,0,0,
products_partners,0,0,
management_consulting_environment,0,0,
agile_software_development,1,0,
security/sci_clearance,0,0,
cdm_team_members,0,0,
analytics_products,1,0,
finance_leads,0,0,
proficient_knowledge,0,0,
organization_use_technology,0,0,
bi/ai,1,0,
information_data_operations,0,0,
insight_,0,0,
segment_users,0,0,
jde,0,0,
enterprise_data_access_controls,1,0,
sources_creates_databases,1,0,
communication_skills_bachelor,0,0,
elder_research,0,0,
machine_learning_packages,1,0,
ar/vr,1,0,
walmart,0,0,
geokettle,1,0,
care_offices,0,0,
proteomic,0,0,
dis-decision,0,0,
world_class_ds_outputs,0,0,
tem_holder_products,0,0,
metrics_visualization,1,0,
certificates,0,0,
information_email,0,0,
trails_company,0,0,
cross-validation_experience,1,0,
business_cases/300_creation,0,0,
computer,0,0,
advance_screenings,0,0,
domains,1,0,
freight_transportation_industry,0,0,
dissection,1,0,
imputation_workflows,1,0,
analizar_grandes,0,0,
ice_futures_u.s,0,0,
excellent_problem,0,0,
management_implements_software_solutions,0,1,
back-out,0,0,
campaigns_effectiveness,1,0,
ts/sci_ci,0,0,
code_experience,1,0,
development_processes,1,0,
computing_analytics,1,0,
osd-cape,0,0,
focus_hypothesis_formulation,1,0,
data_validation_experience,1,0,
science_institute_work_type,0,0,
contact,0,0,
model,1,0,
asa,0,0,
project_team,0,0,
capital_investments,0,0,
work_history,0,0,
disability_insurance,0,0,
change_agents,0,0,
experience_minimum_bachelor_,0,0,
deloitte,0,0,
party_staffing_agencies,0,0,
intelligence/machine,0,0,
beneficiaries,0,0,
action_recommendation_systems,1,0,
adjusts,0,0,
tealium_tagging,0,0,
performance_improvement,0,0,
stakeholder_management_skills,0,1,
client_workshops,0,0,
demands,0,0,
seeyourself_,0,0,
insurance_apprentice,0,0,
apis_design,1,0,
intelligence_knowledge,0,0,
mid_data_scientist,0,0,
sentiment_analysis,1,0,
experience_building_systems,1,0,
analytics_leaders,0,0,
tests,1,0,
nebraska,0,0,
enterprises,0,0,
land_data_works,1,0,
python_stack,1,0,
killer,0,0,
restaurant_industry,0,0,
.net_framework,0,0,
possess_sound_knowledge,0,0,
oncology_analytics,1,0,
data_science_engineering,1,0,
intro_level_software_development,0,0,
builds_data_science_models,1,0,
project_guidelines,1,0,
end-user_tools,1,0,
performance_products,1,0,
community_banking,0,0,
world…with,0,0,
conduct_analyses,1,0,
information_storage,1,0,
definition,0,0,
supercomputing,1,0,
support_junior_team_members,0,0,
sustainment_costs,0,0,
problem_anticipation,0,0,
minimum_fifteen,0,0,
safety_glasses,0,0,
unifies,0,0,
gathers,0,0,
_s_license_maryland_properties,0,0,
occurrence,0,0,
python_api,1,0,
translate_business_idea_/_business_problems,1,0,
service_provider,0,0,
migration,0,0,
wosb,0,0,
telefund,0,0,
_perfect,0,0,
ballet,0,0,
employee_worker_sub_type,0,0,
bargaining_unit,0,0,
platforms/tools,1,0,
team_commitments,0,0,
data_development,1,0,
modeling_data_visualization,1,0,
assist_researchers,0,0,
quality_information,0,0,
rate_commensurate,0,0,
project_barriers,0,0,
data_driven,1,0,
inland_empire,0,0,
problems/ideas,0,0,
spouses,0,0,
program_library,1,0,
cover_letter,0,0,
qliksense,1,0,
reference_code,0,0,
hiring_regulations,0,0,
marketing_use,0,0,
evaluation_system,1,0,
document_cloud,1,0,
network_applications,1,0,
repairs,0,0,
iowa,0,0,
data_engineering_exposure,0,0,
feature_creations,1,0,
iehp,0,0,
zions_bancorporation,0,0,
enterprise_business,0,0,
literate_programming,1,0,
termination,0,0,
crafts,0,0,
l1-bh1,0,0,
glu,0,0,
offline,0,0,
scala/python,1,0,
hardware/software_changes,0,0,
capacity_activities,0,0,
pdf_converter,0,0,
fulfillment_costs,0,0,
aplicaciones,0,0,
home_feed,0,0,
clearer_choices,0,0,
mission_goals,0,0,
work_flow,1,0,
engines,1,0,
campaign_performance_data,0,0,
term_assignment,0,0,
hr_chief_data,0,0,
ado.net,0,0,
revenue_prediction,1,0,
rdecom,0,0,
azure_sql_dw_python_pyspark_azure_data,1,0,
spectroscopic_responses,0,0,
midwest_herc,0,0,
unitedhealth_group,0,0,
secrets,0,0,
team/department,0,0,
infrastructure_operations_team,0,0,
hire/transfer,0,0,
letter_resume,0,0,
python_process,1,0,
sponsor_endless_opportunities,0,0,
post-mortem,0,0,
client_environment,0,0,
things_data,0,0,
_data_product_development,0,0,
organization/enterprise,0,0,
lsst,0,0,
production_environments_scope,0,0,
crossix_technology_platform,1,0,
rush_jobs,0,0,
laboratory_practices,0,0,
msc/bsc,0,0,
hampshire_||,0,0,
structuring,0,0,
core_business,0,0,
philosophies,0,0,
state_vs_future_state_options,0,0,
requesting,0,0,
health_products,0,0,
_s_crisis_response,0,0,
control_structures,0,0,
queries_performance_tuning,1,0,
builds_automation_tools,1,0,
business_stake_holders,0,0,
logistics_solutions,1,0,
data_traffic,1,0,
//www.ppcc.edu/diversity-equity-inclusion,0,0,
sends_messages,0,0,
gym_membership_company_functions,0,0,
blade_centers,0,0,
server,0,0,
program_changes,0,0,
_lpc.com,0,0,
industry_leaders,0,0,
tank,0,0,
technology_strategies,1,0,
optimization_procedures,1,0,
www.livenationentertainment.com/careers,0,0,
granting_business,0,0,
university_policies,0,0,
conducting,0,0,
code_repository,1,0,
cloud_data_lakes,1,0,
agile_product_team,1,0,
simulation_modeling,1,0,
leadership_skill,0,1,
enterprise_/_system_architecture,1,0,
traditions,0,0,
items,0,0,
protection_mechanisms,1,0,
health_care_questions,0,0,
django_wireshark_pcap_analysis_etl_frameworks,1,0,
experience_s3_experience_sql_experience,1,0,
observations,0,0,
veterans_employment_opportunities,0,0,
projects_execution,0,1,
server_integration_services,1,0,
prioritizing_activities,0,0,
insurance_carriers,0,0,
tetration,1,0,
control-m,0,0,
service_fund,0,0,
load_balancing,0,0,
automate_analyses,1,0,
implementation_science,0,0,
endowment_studies,0,0,
_t_something,0,0,
beacon_health_system_·_business_intelligence_schedule,0,0,
mentor_teammates,0,1,
peptides,0,0,
spark/hdinsight,1,0,
enablers,0,0,
pioneering_domain,1,0,
floor,0,0,
queue,0,0,
circumstances,0,0,
storage_networks,1,0,
stock_awards/units,0,0,
investigator,0,0,
relationship,0,0,
business_journal,0,0,
design_machine,1,0,
lifetime_value_analysis,1,0,
_s_diagnostics_family,0,0,
markets_medicines,0,0,
automation_expertise,0,0,
market_leadership,0,0,
skill_development,0,0,
_s_data_loadings,0,0,
leadership_traits,0,0,
d_labs,0,0,
data_ecosystem,1,0,
optimization_models,1,0,
analytics_approaches,1,0,
prioritize,0,0,
thought_partner,0,0,
below_combination,0,0,
sql_data_warehouse,1,0,
techniques_test,1,0,
medium_data_,0,0,
communication_skills_job_information_technology,0,1,
_bachelor,0,0,
team_member_devise,0,0,
data_science_application,1,0,
organization_cpg_industry,0,0,
vacation,0,0,
growth_strategy,0,1,
qualification,0,0,
success_sharing,0,1,
record,0,0,
scenes_relationships,1,0,
omission,0,0,
latency_services_proficiency,0,0,
communicate_data_integrity_accuracy,0,1,
data_mining_software,1,0,
databases_experience_building,1,0,
business_application_translate,1,0,
research_and/or_development_area,0,0,
imagine,0,0,
poison_control_centers,0,0,
molybdenum,0,0,
generate/update_documents,1,0,
acquisition_vehicles,0,0,
warning,0,0,
gold,0,0,
data_center_services,0,0,
healthcare_informatics,0,0,
semrush,0,0,
r_o/s,0,0,
manner_operate,0,0,
bitbucket,0,0,
technology_agency,0,0,
escalates,0,0,
ads_experiments,1,0,
marcomms,0,0,
analytics_questions,0,0,
schedule_allows_employees,0,0,
protection_solutions,0,0,
online_products,0,0,
management_tooling,0,0,
goal,0,0,
communicate_timelines,0,1,
market_trends,1,0,
principles,0,0,
skilling_opportunities,0,0,
language_models,1,0,
incorporate_development_operation/_automation,1,0,
growth_respect,0,0,
robustness,0,0,
fpgas,1,0,
diverse_experiences,0,0,
poly_bachelor_,0,0,
customer_behavior_prediction_experience,1,0,
micron_technology,1,0,
development_reimbursement,0,0,
clia/cap,0,0,
home_service_plan,0,0,
pandas,1,0,
data_science_work,1,0,
diagnostics_markets,0,0,
platform_architects,1,0,
communication_works,0,0,
self-education,0,0,
bag_sessions_consolidation,0,0,
playlist,0,0,
sdlc_standards,0,0,
geojson,1,0,
performs_analysis,1,0,
springhouse,0,0,
mathematics/statistics,1,0,
supply_chain_experience,1,0,
modeling_requirements,1,0,
principals,0,0,
systems_engineering_experience,1,0,
data_structures/algorithms/web/mobile,1,0,
data_solutions_meet_business_requirements,1,0,
porch,0,0,
online_services_knowledge,1,0,
data_distribution,1,0,
health_accreditation,0,0,
forward787_data_engineer,0,0,
exercises_judgement,0,0,
thrives,0,0,
nltk,1,0,
translates_business,1,0,
heating,0,0,
database_technology,1,0,
cooperation,0,0,
experience_relative,0,0,
experience_m.s,0,0,
pikes,1,0,
company_performance,0,0,
tve,0,0,
p2_software,0,0,
java_design,1,0,
mclean,0,0,
quantitative,1,0,
operations_analytics_data_science_team,0,0,
advocate,0,0,
file_movement_protocols,1,0,
assistant_professor_position,0,0,
car_guides,0,0,
products/processes,0,0,
technology_community,0,0,
projects_qualifications,0,0,
irvine,0,0,
high-quality_decisions,0,0,
solaris,1,0,
dream_job,0,0,
r_experience,1,0,
optumlabs,0,0,
product_deployment,1,0,
investment_use,0,0,
wide-range,0,0,
production_quality_code,1,0,
software_platform,0,0,
research_integrate,0,0,
business_continuity_support,0,0,
addresses,0,0,
mechanical/mechatronics_design,0,0,
system_solution,0,0,
persistence,0,0,
subcontractor,0,0,
scenarios,0,0,
computer_engineering_and/or_computer_science,1,0,
health_care_solution,0,0,
s_product_portfolio,0,0,
ensures_compliance,0,0,
influence_design,1,0,
deep_learning_models,1,0,
mine,1,0,
job_application_procedures,0,0,
resource_allocation,0,1,
driven,0,1,
design_knowledge_requirements,1,0,
enterprise_data_management,1,0,
americans,0,0,
interview_experience,0,0,
communication_designs,1,0,
year_trial_period,0,0,
saas_business,1,0,
blackboard_insurance,1,0,
learners,0,0,
oasis,1,0,
entertains,0,0,
food_companies,0,0,
flood_protection,0,0,
business_logic_design,1,0,
translates_source,1,0,
experimentation_tool,1,0,
test_activities,1,0,
responsibilities_research,1,0,
supervision_work,0,0,
analytics_efforts_prepare,0,0,
//help.usajobs.gov/index.php/main_page,0,0,
budget_goals,0,0,
oscilloscopes,0,0,
health_events,0,0,
communication_datasets,1,0,
analysis_/_science_company_profile,0,0,
agencies,0,0,
drive_change,0,0,
work_experience__minimum,0,0,
mylan.com,0,0,
user_community,0,0,
sers,1,0,
team_combines_research,0,0,
citrix_welcomes,0,0,
drug_administration,0,0,
trouble_shoots,1,0,
learning_problems,1,0,
cpa,0,0,
jira,1,0,
marketing_data_management_tools,1,0,
product_claim_substantiation,0,0,
provisioning,1,0,
account_teams,0,0,
bi_leaders,0,0,
labview,1,0,
data_science_team,0,0,
measure_customer_level,0,0,
health_insurance,0,0,
business_analytics_applications,1,0,
information_systems_–,0,0,
fhir®_standards,0,0,
file_systems_/_data_frameworks,1,0,
phd/jd,0,0,
hsri_,0,0,
consideration,0,0,
intelligence_graph,0,0,
transformation_journey,0,0,
research_office,0,0,
machine_learning_principles,1,0,
therapies,0,0,
keystone_datasets,1,0,
container_systems,1,0,
data_bootcamp_certification,0,0,
tech_stack,1,0,
solution_specific,0,0,
initiative,0,0,
wellness,0,0,
system_applications,0,0,
troubleshoots,1,0,
data_analysis_methodologies,1,0,
degree_programs,0,0,
people_practices,0,0,
kipp_texas_location,0,0,
position_defines,0,0,
force_preservation_analysis,1,0,
world_claims,0,0,
forecasting_outcomes,1,0,
learning_framework,1,0,
media_brands,0,0,
institutes,0,0,
disability_coverage,0,0,
firm,0,0,
investigation_project_management_experience_comfort,0,1,
purchase_upfront,0,0,
performance_management_system,1,0,
model_recruitment,1,0,
enterprise_client,0,0,
data_engineering_standards,1,0,
promotion_focus,0,0,
competition_participation,0,0,
–_data_scientist,0,0,
problem_synthesis,1,0,
quality_analytics_deliverables,1,0,
account_data,0,0,
office_machines,0,0,
sr,0,0,
kimberly-clark,0,0,
government_cloud_platforms_ability,1,0,
iv_reports,0,0,
bl_team_bs_degree,0,0,
era_digital,0,0,
online_tools,0,0,
highest-quality,0,0,
_s_commitment,0,0,
francisco_bay_area,0,0,
work_routine,0,0,
governance_process,0,0,
faxing/uploading,0,0,
technology_industry,0,0,
facebook,0,0,
risk_organization,0,0,
agile_process,1,0,
spotify_kids,0,0,
azure_cognitive_services,1,0,
payment_systems,1,0,
ensuring,0,0,
inline_data_ingestion,0,0,
arthritis,0,0,
inspires,0,1,
increase_efficiency,1,1,1
coursework,0,0,
channel_certification,0,0,
ratings,0,0,
data_science_theory,1,0,
product_releases,1,0,
team_guide_msr,0,0,
support_team,0,0,
move,0,0,
employees_partners,0,0,
orange_digital,0,0,
sisu_design,1,0,
slate,0,0,
change_detection,0,0,
role_experience,0,0,
experience_building,0,0,
awards,0,0,
information_collection,0,0,
project_deliverables,0,0,
technology_migrations,0,0,
beauty,0,0,
mdm,0,0,
automation_testing,1,0,
wellness_resources_employee_discounts,0,0,
possibility,0,0,
web_development_experience,1,0,
load_triples,0,0,
food_security,0,0,
mi,1,0,
employment_opportunity,0,0,
virginia,0,0,
methods_development,1,0,
code_changes,1,0,
google_cloud_partner,0,0,
scale_optimization,1,0,
data_engineer_company_profile,0,0,
collection_processes,0,0,
data_stewardship,0,0,
response_rates,0,0,
apache,1,0,
gyms,0,0,
safety,0,0,
problem_resolution,0,0,
correlate,1,0,
scalability_limits,1,0,
education_experience_teaching,0,1,
solutions_research,1,1,1
health_technology,0,0,
data_changes,0,0,
trackwise,1,0,
customer_support_team,0,0,
research_supervise,0,1,
industry_standard_data_recovery_logic,1,0,
â€¢_python_â€¢_spark/pyspark/scala_â€¢,0,0,
application_o_monitor,0,0,
fashion_brands,0,0,
qualifications_ph,0,0,
operationalizes_data,0,0,
gis_mapping,1,0,
cycle_hypothesis,1,0,
location_analytics_solutions,1,0,
trouble_shooting,1,0,
automate_business_operations,1,0,
energy_challenges,0,0,
practitioner,0,0,
integration_engineer,0,0,
sams,1,0,
department_managers,0,0,
programs—including_networx,0,0,
retention/adoption,0,0,
leadership_qualifications,0,0,
swift,1,0,
support_centers,0,0,
leadership_identify_ways,0,0,
hands-on,0,0,
sanofi_inc,0,0,
high-tech_healthcare_company,0,0,
agents,0,0,
stem_degree,0,0,
desirability,0,1,
business_intelligence_candidate,0,0,
lab_research_teams,0,0,
algebra_data_wrangling/enhancement_data_visualization,1,0,
_s_data_engineering_team,0,0,
data_visualization_products,1,0,
experience_familiarity,0,0,
cnet,0,0,
stats,1,0,
skills/experiences/attributes,0,0,
product_definition,0,0,
controllership,0,0,
job_requirements_qualifications,0,0,
|_java,1,0,
experience,0,0,
waltham,0,0,
example_platforms,0,0,
multivariate_testing_job,1,0,
salesforce.com_recruiting_department,0,0,
series_c_funding_round,0,0,
vehicles,0,0,
core_business_challenges,0,0,
software_engineering_workflows,1,0,
and/ml,0,0,
output_qualifications,0,0,
systems_leverage,0,0,
hour_work_week,0,0,
calm,0,0,
data3sixty,0,0,
guard,0,0,
marketing_insights,1,0,
iam,0,0,
jobs.pnnl.gov,0,0,
janssen_business_technology,0,0,
sensor,0,0,
storage_engineering,1,0,
job_application_process,0,0,
stakeholders_participates,0,0,
consumer_services,0,0,
service_equivalent,0,0,
life_values,0,0,
science_leader,0,0,
monitor_progress,1,0,
a/b,1,0,
content_creators,0,0,
product_life-cycle_roadmap_work,0,0,
suitability_building_data_repositories,1,0,
analytics_provider,0,0,
prepares,0,0,
pharmacology,0,0,
health_fair,0,0,
research_techniques,1,0,
life_insurance_company,0,0,
relevance,0,0,
management_frameworks,1,0,
future_state,0,0,
data_quality_audits,1,0,
experience_contributes,0,0,
gpu_programming,1,0,
statutes,0,0,
agency_program_goals,0,0,
performance_turning_business_requirements,0,0,
documentation_empathy,0,0,
procter,0,0,
response_mitigation,0,0,
azure_sentinel,1,0,
_omics,0,0,
thousands,0,0,
estate_organizations,0,0,
python_microsoft,1,0,
operations_group,0,0,
transfer_work,0,0,
clinic,0,0,
kansas,0,0,
market_share,0,0,
muscles,0,0,
storage_replication_products,0,0,
carnegie_mellon_university,0,0,
best-in-class_data_platforms,0,0,
results_kudos,0,0,
business_relationships,0,0,
analysis_tools_proficient,1,0,
application_track,0,0,
healthcare_services,0,0,
roll,0,0,
network_data_engineer,0,0,
post,0,0,
qcew,1,0,
technology_role,0,0,
data_product_definition,1,0,
state,0,0,
physicists,0,0,
client_culture,0,0,
subteams,0,0,
coursework_possess,0,0,
evolutions,0,0,
dbt,0,0,
data_science_platforms,1,0,
client_kpis,0,0,
storylines,1,0,
deployed,1,0,
training_courses,0,0,
ensures_quality,0,0,
drug_discovery_process,0,0,
technology_platform,0,0,
business_data_visualize,1,0,
model_evaluation,1,0,
decision_sciences_team,0,0,
product_iteration,1,0,
workforce,1,0,
formulate,0,0,
outperforms,0,0,
version_control_systems,1,0,
computer_information,0,0,
tools/skills,0,0,
pyspark_data_frames,1,0,
gaming_company,0,0,
customer_development,0,0,
tool_requirements,0,0,
u.s.c,0,0,
text_mining_etc,1,0,
data_science_sections,1,0,
healthcare_providers,0,0,
operationalizes,0,0,
in-house_models,0,0,
_s_education,0,0,
esprillo,0,0,
enterprise_environment_communicate,0,0,
patch_kids_candy,0,0,
opportunity_employer_disabled/minorities/veterans/women,0,0,
business_ambitions,0,0,
computing_languages,1,0,
metrics_data_application,1,0,
process_knowledge,0,0,
ab_initio_gde,0,0,
volume,0,0,
training_qualifications,0,0,
clustering,1,0,
data_strategy/partnerships,0,0,
database_development_practices,1,0,
work_ethic,0,1,
work_ethics,0,1,
success_data_exploration,1,0,
d_group_,0,0,
odc,1,0,
id_performs,0,0,
solutions_data_modeling,1,0,
competency_framework,1,0,
intelligence_center,0,0,
data_monetization,1,0,
back-end,1,0,
business_analyst_role,0,0,
ml_data_product,1,0,
code_talent,1,0,
security_clearance_requirements,1,0,
touchpoint,0,0,
customs,0,0,
procurement/human_resources_department,0,0,
informed_business_decisions,0,0,
informix,1,0,
volleyball,0,0,
contribution_goals,0,0,
chart_types,0,0,
ccsse,0,0,
rdbmss,0,0,
enterprise_saas,1,0,
mars/wrigley,0,0,
multivariate_techniques,1,0,
manufacturing_process,0,0,
cell_metabolism,0,0,
business_initiatives,0,0,
cutting-edge_energy_research,0,0,
s3/redshift,1,0,
candidate_relishes,0,0,
music_organization,0,0,
idea_machine,0,0,
business_process_configurations,1,0,
tableau_server_define,1,0,
transportation_hours,0,0,
product_drivers_ability,0,0,
attach,0,0,
sub-agencies,0,0,
marketing_partners,0,0,
responsibilities_trains,0,0,
consumer_shifts,0,0,
landscape,0,0,
aramark,0,0,
outdoor_activities,0,0,
ucar_complies,0,0,
aggregates,0,0,
invention_age,0,0,
nyu,0,0,
parental_leave,0,0,
application_network_category,0,0,
_s_businesses,0,0,
planning_projects,0,1,
worker_matters,0,0,
health_analytics,1,0,
product_ability,0,0,
resilient,0,1,
reporting_problems,0,0,
science,0,0,
www.ascentialedge.com,0,0,
msbi,0,0,
management_needs,0,0,
right_metrics,0,0,
enterprise_employees,0,0,
bscs,0,0,
duty_functions,0,0,
month_appointment,0,0,
thinking_ability,0,0,
ml_group,1,0,
pipeline_integrity_process_improvements,1,0,
data_processing_technologies,1,0,
requirements_knowledge,1,0,
systems_models_experience,1,0,
description_hirevue,0,0,
pay_transparency_nondiscrimination_provision,0,0,
ai,1,0,
quality_data_collection,1,0,
ppc,1,0,
standards,0,0,
ads_candidates,0,0,
–_minorities/females/,0,0,
crisis,0,0,
computer/life_science,0,0,
feature-extractors,0,0,
machine_learning_workflows,1,0,
occupation,0,0,
respect_others,0,0,
processing_databases,1,0,
life_science_fields,0,0,
finance_organization,0,0,
information_technology_team,0,0,
pet_care_space,0,0,
data_catalogs_experience,1,0,
implement_data_integrations,1,0,
debts,0,0,
commanding,0,0,
location—lewiston,0,0,
defense_agencies,0,0,
qualifications:1._publications,0,0,
c/c++_ability,1,0,
expenses,0,0,
data_analysis_ability,1,0,
loss,0,0,
report_user_group_assist,0,0,
decade,0,0,
develops_custom,0,0,
government_side,0,0,
_mentor,0,0,
decision_rules,1,0,
modeling,1,0,
otfa,0,0,
quality_machine_learning_models,1,0,
application_deadline,0,0,
coronavirus_disease,0,0,
team_members/_analysts,0,0,
spark_developer,1,0,
travel,0,0,
vettery,0,0,
rewarding,0,0,
intel_analysts,0,0,
enhance_data_science,0,0,
typescript,0,0,
insights_data_scientist,0,0,
kitchen_ventilation_systems,0,0,
caregivers,0,0,
consultation,0,0,
city_seattle_state/province,0,0,
discover,0,0,
mars,0,0,
business_analysis_tasks,1,0,
complexity_analysis_familiarity,1,0,
analysis_methodologies,1,0,
hedis_engine,0,0,
implementation_concepts_familiarity,0,0,
graduate_certificate,0,0,
operation_engineering_technologies,1,0,
violence,0,0,
seed,0,0,
core_hadoop_technologies,1,0,
ksl_classifieds,0,0,
everyone,0,0,
feature_analysis,1,0,
plan/pay_schedule,0,0,
qgis,1,0,
failure_leverage,0,0,
copiers,0,0,
time_series_models,1,0,
nosql_platforms,1,0,
challenging,0,0,
control_mechanisms,0,0,
sql_logic,1,0,
data_science_o_data_analysis,1,0,
core_fundamental,0,0,
retailers_recognition,0,0,
problem-solving,1,0,
company_standard_operating_procedures,0,0,
privilege,0,0,
government_contract,0,0,
fleet,0,0,
multiple,0,0,
marketing_questions,0,0,
software_system_design,1,0,
quadrant,0,0,
responsibilities_job_accountabilities,0,0,
physics_proficiency,1,0,
marketing_businesses,0,0,
details,0,0,
data_technologies_experience,1,0,
experience_ability,0,0,
technology_growth_equity_investment_firm,0,0,
ad_hoc_analytics_requests,0,0,
data_science_workflow,1,0,
arms_regulations,1,0,
nuances,0,0,
day_data_center,0,0,
development_location,0,0,
partnering_relationships,0,0,
bscse,0,0,
course_classification,0,0,
behring_business_operations,0,0,
ads_product_analytics,1,0,
process_skills,1,0,
data_engineering_strategy_experience,1,0,
business_intelligence_etl_tools,1,0,
bachelors,0,0,
veterans_opportunity,0,0,
bs+,0,0,
data_charts,1,0,
itsm,1,0,
keyrus_group,0,0,
issues/problems,0,0,
chipotle,0,0,
apple_equipment,0,0,
pipeline_design,1,0,
community_day,0,0,
business_intelligence_country,0,0,
exploration_capability,0,0,
forecasting_applications,1,0,
system_approaches,0,0,
proteins,0,0,
software-as-a-service,0,0,
wv,0,0,
intelligence_team,0,0,
experience_experience_designing,0,0,
races,0,0,
engineering_systems,1,0,
security_responsibilities,0,0,
engagements,0,0,
client_institution,0,0,
distribution_confidential_data,0,0,
data_governance_concepts,1,0,
quality_software_prototypes,1,0,
perform_quality_checks,1,0,
respiratory,0,0,
job_qualifications,0,0,
program_evaluation,0,0,
peace_corps_volunteers,0,0,
eeo/aa,0,0,
crowdsourcing,0,0,
summer_internships,0,0,
ad_hoc_queries,0,0,
_s_data_engineering_positions,0,0,
sensor_r,0,0,
career_matters,0,0,
data_warehouse_servers,1,0,
charge_backs,0,0,
risk,0,0,
ideation,0,0,
art_office,0,0,
apache_beam/apache_spark_machine_learning,1,0,
sex,0,0,
nextens,0,0,
ace,0,0,
home_location,0,0,
arkansas,0,0,
virginia_seeks_candidates,0,0,
computing—areas,0,0,
reimbursement_contracts,0,0,
software_architecture_familiarity,1,0,
satellite_collection_planning_software,0,0,
mission_partner,0,0,
estate_transaction,0,0,
marketing_status,0,0,
jquery,1,0,
conflict_data,0,0,
sla,0,0,
consumer_products,0,0,
video_experience_setup,0,0,
sharing_activities,0,0,
informatics_professionals,0,0,
search,0,0,
experience_microsoft,0,0,
experience_bachelor,0,0,
stats/mathematics,1,0,
flood_detection,1,0,
ft._meade,0,0,
product_research,0,0,
computer_science/operations,0,0,
chairman,0,0,
program_areas,0,0,
//www.abet.org,0,0,
anthropology,0,0,
non-discrimination,0,0,
azure_infrastructure,1,0,
client_tight_goals,0,0,
reputation,0,0,
operating_costs,0,0,
accounting_team,0,0,
technology_framework,1,0,
keyboarding/dexterity,0,0,
dads,0,0,
demands_adaptability_–,0,0,
event_processing,1,0,
custom_market_research_company_ipsos,0,0,
database_architecture,1,0,
paternity/maternity,0,0,
program_analysis,1,0,
software_installation,0,0,
focus_area,0,0,
abstractions,0,0,
revitalization,0,0,
cino,0,0,
infer,0,0,
vector_data,1,0,
health_ecosystem,0,0,
parenthood,0,0,
student_activities,0,0,
healthcare_organizations,0,0,
trial_data,1,0,
fun_team,0,0,
marketing_procedures,1,0,
python_development_experience,1,0,
synchronization,0,0,
sql_query_tools,1,0,
horsham,0,0,
network_logs,1,0,
enterprise_technology,0,0,
component_analyses,1,0,
towns,0,0,
grow_revenue,0,0,
apis/webservices,1,0,
pipeline_analytics,1,0,
spot_project,0,0,
march,0,0,
turner,0,0,
co-pi,0,0,
trade,0,0,
product_development_environment,1,0,
enterprise_level,0,0,
variants,0,0,
business_areas_ability,0,0,
brand_awareness,0,0,
conducts_research,0,1,
standardization_projects,0,0,
support_analysis_conduct,1,0,
mid-cities,0,0,
use_protocols,0,0,
obligations,0,0,
lee,0,0,
drools,0,0,
membership_organization,0,0,
loss_mitigation,1,0,
biotechnology,0,0,
army_systems,0,0,
engineering_specialist_qualifications,0,0,
hour,0,0,
management_reserves,0,0,
data_flow_issues,1,0,
establishes,0,0,
disparate_data_sources,1,0,
design_strategies,1,0,
project_support,1,1,
availability_metrics,0,0,
diverse_techniques,1,0,
readers,0,0,
contract_employees,0,0,
addiction,0,0,
information_technology_services,0,0,
bds,0,0,
precautions,0,0,
predisposition,0,0,
decision_quality,0,0,
petabyte,0,0,
projects,0,0,
york_innovation_lab,0,0,
benefit_programs,0,0,
database_query/ingestion_bridgestone,1,0,
question_guides,0,0,
player_evaluation,0,0,
model_integration,1,0,
m,0,0,
kubertnetes,1,0,
help_stakeholders,0,0,
english,0,0,
engineering/architecture_experience,1,0,
data_processing_policies,1,0,
employers,0,0,
service_experience_building_reinforcement,0,0,
organization_thrive,0,0,
affiliate_companies,0,0,
administer_marketing_campaigns,0,0,
africa_program,0,0,
belt,0,0,
enterprise_analytics_business_intelligence_solutions,1,0,
firms,0,0,
accuracy,1,0,
convex,1,0,
engagement—to_enhance_insurers,0,0,
avoid,0,0,
company_efforts,0,0,
learning_capabilities,0,1,
discipline_certification,0,0,
tennessee,0,0,
machine_learning_industry_veteran,0,0,
decision_forests_familiarity,1,0,
automation_tools,1,0,
voice_heard,0,0,
construct_data_analytics_processes,1,0,
ind,0,0,
intelligence_algorithm,1,0,
work_visa,0,0,
esri,1,0,
het,0,0,
minerals_areas,0,0,
time_applications,0,0,
mailbox,0,0,
wireless_business,0,0,
days_employment_status,0,0,
workflows/problems,0,0,
network_deployment_experience,1,0,
retreats,0,0,
cluster_analysis,1,0,
sas_code,1,0,
high-performance_computer_systems,1,0,
hadoop_architecture,1,0,
information_applicants,0,0,
customer_technology_portfolio_managers,0,0,
proud,0,0,
sponsor_requirements,0,0,
business_manage_deliverables,0,0,
tenants,0,0,
end_markets,0,0,
protein_prediction,1,0,
vague_requirements,0,0,
priority_selection_rights,0,0,
data_science_practice,1,0,
tuition_reimbursement_program,0,0,
job_duties/responsibilities,0,0,
development_operations,0,0,
dset,1,0,
product_management/development_decision_making,1,1,
real-world_data_support_multiple_projects,0,1,
illness,0,0,
infrastructure_analytics_competencies,1,0,
data_providers,0,0,
enterprise_projects,0,0,
source_cloud,1,0,
d.c.,0,0,
tableau_data_science_experience,1,0,
company_stakeholders,0,0,
error_rates,0,0,
design_challenges,1,0,
rentrak,0,0,
workplace,1,0,
lookup,0,0,
data_scientist_level,0,0,
condense,0,0,
incorporates_client,0,0,
agile_development_methodology,1,0,
school_diploma_/,0,0,
data_pre-processing,1,0,
growth_levers,0,0,
computational_processes,0,0,
computing,0,0,
end_user_questions,0,0,
job_function,0,0,
pc_environment,0,0,
crowds,0,0,
information_system_architecture,1,0,
t_work,0,0,
ux/ui,1,0,
monitor_industry_trend,1,0,
focus_communicate,0,1,
systems_administration,0,0,
era,0,0,
chemotherapy,0,0,
privacy_statement_fis,0,0,
troubleshoots_issues,1,0,
exploitation,0,0,
infrastructure_experience,1,0,
interchanges,0,0,
project_teams_qualifications,0,0,
curve,0,0,
minorities,0,0,
ability_constructing,0,0,
operating_performance,0,0,
guggenheim_business_functions,0,0,
brand_analytics_team,0,0,
ai/ml_intern,0,0,
azureml,1,0,
platform_processes,1,0,
statement_salesforce.com,0,0,
ml_systems,1,0,
multiplatform_data_collection,1,0,
—,0,0,
mix,0,0,
englewood_||,0,0,
gbi_data_analyst,0,0,
blog_articles,0,0,
work_environments_ability,0,0,
support_crafting,0,0,
software_engineering_fundamentals,1,0,
helo,1,0,
think,0,0,
syncing,0,0,
solution_autonomy,1,0,
engineering_professional,0,0,
delivery_trawl,0,0,
system_resource,0,0,
diagnostics_group,0,0,
success_drive_process_improvement,0,0,
wearecisco,0,0,
products.8,0,0,
data_understanding,1,0,
mesh,0,0,
data_logic,1,0,
management_sponsors,0,0,
internet_applications,0,0,
data_integration_experience,1,0,
information_briefings,0,0,
iics,1,0,
explain,0,0,
amazon_transportation_services,1,0,
infrastructure_architecture,1,0,
betterment,0,0,
b2c_domains,1,0,
microstrategy,1,0,
tables_knowledge,1,0,
squareup.com,0,0,
model_performance_analysis,1,0,
grammar,0,0,
medical/dental/life_insurance,0,0,
li-tg1,0,0,
shipping_mistakes,0,0,
lease,0,0,
thinking_skills_ability,0,1,
technologists,0,0,
training_sets,1,0,
data_analysis_workflows,1,0,
sustainability,0,0,
data_analysis_platform,1,0,
data_analytics_team,0,0,
customer_frustration,0,0,
implement_software,0,0,
route_optimization,1,0,
japan,0,0,
creates_application_architectures,1,0,
job_seekers,0,0,
agronomists,0,0,
data_science/machine_learning_frameworks,1,0,
measurement_plans,0,0,
coatings,0,0,
data_access_patterns,1,0,
ideas_collaboration,0,0,
experience/proficiency,0,0,
bond,0,0,
application_platform,0,0,
co.,0,0,
webhook,1,0,
cx_data_scientist,0,0,
data_guru,0,0,
sr._data_analyst,0,0,
people_data_qualifications,0,0,
risk_management_research_laboratory,0,0,
yrs_data_analysis,0,0,
guidelines,0,0,
survival,0,0,
drive_system_solutions_experience,0,0,
passion,0,0,
qlikview_/_tableau,1,0,
buying,0,0,
choice_,0,0,
employment_verification,0,0,
wi,0,0,
generate_program_design_language,1,0,
bind_data_science_interns,0,0,
auto-encoders,1,0,
help_companies,0,0,
tensorflow/caffe/mxnet,1,0,
formatting,0,0,
integration_approaches,1,0,
core_team_members,0,0,
j.p.,0,0,
expert_service,0,0,
frontier_business_constituents,0,0,
assesses_audience,1,0,
rpl,0,0,
term_contact_information,0,0,
responsibilities_responsibilities_design,0,0,
epa_ord,0,0,
data_transport_processors,1,0,
implementation_details,1,0,
engagement_activity,0,0,
strategy_team,0,0,
//www.srkexploration.com/en,0,0,
asset_optimization_/_revenue_management_business_analyst,0,0,
network_communications,0,0,
_mid-cities,0,0,
interpretation,0,0,
company…many_careers,0,0,
data_exploitation_experts,0,0,
pc_skills,1,0,
presentation_visuals,1,0,
cell_phone,0,0,
data_lake_platform,0,0,
bloomfield,0,0,
mountain_view,0,0,
spirits,0,0,
tulsa,0,0,
enterprise-level_services,0,0,
data_science_/_analytics,1,0,
support_engineering,1,0,
account_team_conversations,0,0,
convenient_world,0,0,
data_programmers,1,0,
ad_impressions,1,0,
prophet,1,0,
search_spaces,0,0,
analysis_proficiency,1,0,
stoop,0,0,
life_moments,0,0,
office_furniture,0,0,
visualisation_software,1,0,
build_dashboards,1,0,
db_experience,1,0,
na,0,0,
homeland,0,0,
learning_models,1,0,
analytics_requisition_id,0,0,
toronto_offices,0,0,
skills_data_manipulation,0,0,
speech,0,0,
workplaces,0,0,
business_operation_research,0,1,
safeguard_enterprise_data_assets,1,0,
safety_program,0,0,
os,1,0,
data_architecture_vision,1,0,
employment_opportunity_questions,0,0,
health_analytics_reports,1,0,
doorsteps,0,0,
technology_design,1,0,
indiana,0,0,
source_data_science_toolkits,1,0,
office_dog,0,0,
growth_team,0,0,
stan,0,0,
emr,1,0,
sftp,1,0,
operations_analytics,1,0,
teamwork_attention,0,1,
latent,0,0,
business_entities,0,0,
peapod,0,0,
career_mobility,0,0,
insurance_business_functionality,0,0,
solution_performance,0,0,
top,0,0,
job_description_qlarion,0,0,
community_development,0,0,
settlement_services,0,0,
talentsource,0,0,
documentation_and/or_courses,0,0,
management_prioritize_focus_areas,0,0,
kankakee,0,0,
compliance_analytics_activities,0,0,
processing,0,0,
fraud_operations,0,0,
/_dental_plan,0,0,
programing_languages,1,0,
stata,1,0,
gdi,0,0,
microphone_processing,1,0,
broadcast,0,0,
benefits_program,0,0,
languages,0,0,
mcsd/mcse_experience,0,0,
telecom,0,0,
security_analytics_platform,0,0,
schools_background,0,0,
promotion_consideration,0,0,
executive_management_bachelor_,0,0,
www.capgemini.com,0,0,
load_data,0,0,
leed,0,0,
average_gpa,0,0,
analytics_team_members,0,0,
laps,0,0,
_s_amp_data_science/analytics,0,0,
information_technology_teams,0,0,
java_experience_r_experience,1,0,
_d,0,0,
shareholders,0,0,
shelf,0,0,
communication_dedication,0,1,
company_requirements,0,0,
publix,0,0,
alteryx,0,0,
galaxies,0,0,
physics,1,0,
keyword_data,1,0,
curios,0,1,
development_platform,1,0,
data/computing,1,0,
drives_product_strategies,1,0,
requirements_allocation,0,0,
orise_appointment,0,0,
health_companies,0,0,
enterprise_data_warehouse_environment,0,0,
scot_team,0,0,
data/codes,0,0,
employment_business/_agency,0,0,
charter_schools,0,0,
capabilities_worker_type,0,0,
food,0,0,
§,0,0,
business_questions,0,0,
information_system,1,0,
role_trianz,0,0,
des,1,0,
scale_data_warehousing,1,0,
life_–,0,0,
stage_company,0,0,
dollars,0,0,
latency_systems_expertise,1,0,
data_science_paradigms,1,0,
end-user_facing_bi_applications,1,0,
celonis_initiative,1,0,
analytics_deliverables,0,0,
achiever,0,0,
management_activities,0,0,
property_prepare,0,0,
backups,0,0,
answering,0,0,
cloud_data_services,1,0,
defense_referral_system,0,0,
wsap,1,0,
project_analysts,0,0,
travels,0,0,
star_wars,0,0,
kroger_technology,1,0,
backend_data_engineering_solutions,1,0,
chubb_,0,0,
ruby,1,0,
graph_database_participate,1,0,
campus_community,0,0,
cross_sell_engines,1,0,
_s_business_results,0,0,
core_technology,0,0,
seeing,0,0,
clearance_ba,0,0,
submit,0,0,
pedometrics,0,0,
healthcare_software_industry_experience,1,0,
data_aggregators,1,0,
core_labs,0,0,
program_assumptions,1,0,
sigma_data_scientist,0,0,
insights_organization,0,0,
conservation_policy,0,0,
mckinsey_enables,0,0,
technology_field,0,0,
sar,1,0,
decision_support_applications,1,0,
ground,0,0,
//www.capgemini.com/resources/equal-employment-opportunity-is-the-law_applicants,0,0,
r_programs,1,0,
base_map_data,1,0,
amerisourcebergen,0,0,
maintains_documentation,0,1,
application_program_solutions,0,0,
grade_level,0,0,
builds_knowledge,0,1,
hadoop_platforms,1,0,
job_level,0,0,
product_strategy,0,1,
qualification_requirements,0,0,
sql/hql,1,0,
organization_demonstrate_ability,0,1,
processing/storage_formats,0,0,
experience_project,0,0,
ideal,0,0,
data_gathering_tools,1,0,
business_analytics_comfort_manipulating,0,0,
in-class_activities,0,0,
file_formats,0,0,
data_transformation_skillset,1,0,
data_strategy,1,0,
competencies_experience,1,1,
capital_base,0,0,
influencer,0,0,
ictap/ctap_eligibles,0,0,
preeminent_programs,0,0,
capcenter,0,0,
communication_skills_nice-to-haves,0,0,
tag_manager,0,0,
product_pipeline,0,0,
hr_data_science_team,0,0,
indexing,1,0,
performance_dashboarding,1,0,
data_governance_experience,1,0,
genomics_data_analyst,0,0,
tibco_spotfire_platform,0,0,
education/degree/certifications_verification,0,0,
training_agreement,0,0,
indication_discovery,0,0,
isopach,1,0,
data_strategies,1,0,
same-sex,0,0,
melanie_nguyen,0,0,
integrate_data,1,0,
algorithms—and,0,0,
tech_company,0,0,
cyber_analysis,1,0,
database_studies,1,0,
teach_courses,0,0,
ideal_candidates,0,0,
data_product_layer,0,0,
storage_capacity,0,0,
design_centers,0,0,
lifetime,0,0,